cycle,trend,date
395.64,394.42,2013-01-20
395.67,394.42,2013-01-21
395.69,394.43,2013-01-22
395.72,394.44,2013-01-23
395.75,394.45,2013-01-24
395.78,394.45,2013-01-25
395.8,394.46,2013-01-26
395.83,394.47,2013-01-27
395.86,394.48,2013-01-28
395.88,394.48,2013-01-29
395.91,394.49,2013-01-30
395.94,394.5,2013-01-31
395.96,394.51,2013-02-01
395.99,394.51,2013-02-02
396.01,394.52,2013-02-03
396.04,394.53,2013-02-04
396.06,394.54,2013-02-05
396.08,394.54,2013-02-06
396.1,394.55,2013-02-07
396.13,394.56,2013-02-08
396.15,394.57,2013-02-09
396.17,394.57,2013-02-10
396.19,394.58,2013-02-11
396.2,394.59,2013-02-12
396.22,394.59,2013-02-13
396.24,394.6,2013-02-14
396.25,394.61,2013-02-15
396.27,394.62,2013-02-16
396.28,394.62,2013-02-17
396.3,394.63,2013-02-18
396.31,394.64,2013-02-19
396.32,394.65,2013-02-20
396.33,394.65,2013-02-21
396.34,394.66,2013-02-22
396.35,394.67,2013-02-23
396.36,394.68,2013-02-24
396.37,394.68,2013-02-25
396.37,394.69,2013-02-26
396.38,394.7,2013-02-27
396.38,394.71,2013-02-28
396.39,394.71,2013-03-01
396.39,394.72,2013-03-02
396.4,394.73,2013-03-03
396.4,394.73,2013-03-04
396.4,394.74,2013-03-05
396.4,394.75,2013-03-06
396.41,394.76,2013-03-07
396.41,394.76,2013-03-08
396.41,394.77,2013-03-09
396.41,394.78,2013-03-10
396.41,394.79,2013-03-11
396.42,394.79,2013-03-12
396.42,394.8,2013-03-13
396.42,394.81,2013-03-14
396.42,394.82,2013-03-15
396.43,394.82,2013-03-16
396.43,394.83,2013-03-17
396.43,394.84,2013-03-18
396.44,394.84,2013-03-19
396.44,394.85,2013-03-20
396.45,394.86,2013-03-21
396.46,394.87,2013-03-22
396.46,394.87,2013-03-23
396.47,394.88,2013-03-24
396.48,394.89,2013-03-25
396.49,394.9,2013-03-26
396.5,394.9,2013-03-27
396.51,394.91,2013-03-28
396.53,394.92,2013-03-29
396.54,394.92,2013-03-30
396.56,394.93,2013-03-31
396.57,394.94,2013-04-01
396.59,394.95,2013-04-02
396.61,394.95,2013-04-03
396.63,394.96,2013-04-04
396.65,394.97,2013-04-05
396.67,394.97,2013-04-06
396.69,394.98,2013-04-07
396.71,394.99,2013-04-08
396.74,395.0,2013-04-09
396.76,395.0,2013-04-10
396.79,395.01,2013-04-11
396.81,395.02,2013-04-12
396.84,395.03,2013-04-13
396.87,395.03,2013-04-14
396.9,395.04,2013-04-15
396.93,395.05,2013-04-16
396.96,395.05,2013-04-17
396.98,395.06,2013-04-18
397.01,395.07,2013-04-19
397.04,395.08,2013-04-20
397.07,395.08,2013-04-21
397.1,395.09,2013-04-22
397.13,395.1,2013-04-23
397.16,395.1,2013-04-24
397.19,395.11,2013-04-25
397.22,395.12,2013-04-26
397.25,395.13,2013-04-27
397.28,395.13,2013-04-28
397.3,395.14,2013-04-29
397.33,395.15,2013-04-30
397.35,395.15,2013-05-01
397.38,395.16,2013-05-02
397.4,395.17,2013-05-03
397.42,395.18,2013-05-04
397.44,395.18,2013-05-05
397.46,395.19,2013-05-06
397.47,395.2,2013-05-07
397.49,395.2,2013-05-08
397.5,395.21,2013-05-09
397.51,395.22,2013-05-10
397.52,395.22,2013-05-11
397.53,395.23,2013-05-12
397.54,395.24,2013-05-13
397.54,395.25,2013-05-14
397.54,395.25,2013-05-15
397.54,395.26,2013-05-16
397.54,395.27,2013-05-17
397.54,395.27,2013-05-18
397.53,395.28,2013-05-19
397.52,395.29,2013-05-20
397.51,395.29,2013-05-21
397.49,395.3,2013-05-22
397.48,395.31,2013-05-23
397.46,395.32,2013-05-24
397.44,395.32,2013-05-25
397.41,395.33,2013-05-26
397.39,395.34,2013-05-27
397.36,395.34,2013-05-28
397.33,395.35,2013-05-29
397.29,395.36,2013-05-30
397.26,395.36,2013-05-31
397.22,395.37,2013-06-01
397.18,395.38,2013-06-02
397.14,395.38,2013-06-03
397.09,395.39,2013-06-04
397.05,395.4,2013-06-05
397.0,395.41,2013-06-06
396.95,395.41,2013-06-07
396.89,395.42,2013-06-08
396.84,395.43,2013-06-09
396.78,395.43,2013-06-10
396.73,395.44,2013-06-11
396.67,395.45,2013-06-12
396.61,395.45,2013-06-13
396.55,395.46,2013-06-14
396.48,395.47,2013-06-15
396.42,395.47,2013-06-16
396.35,395.48,2013-06-17
396.28,395.49,2013-06-18
396.22,395.49,2013-06-19
396.15,395.5,2013-06-20
396.08,395.51,2013-06-21
396.01,395.51,2013-06-22
395.93,395.52,2013-06-23
395.86,395.53,2013-06-24
395.79,395.53,2013-06-25
395.72,395.54,2013-06-26
395.64,395.55,2013-06-27
395.57,395.56,2013-06-28
395.5,395.56,2013-06-29
395.42,395.57,2013-06-30
395.35,395.58,2013-07-01
395.28,395.58,2013-07-02
395.2,395.59,2013-07-03
395.13,395.6,2013-07-04
395.05,395.6,2013-07-05
394.98,395.61,2013-07-06
394.91,395.62,2013-07-07
394.84,395.62,2013-07-08
394.77,395.63,2013-07-09
394.69,395.64,2013-07-10
394.62,395.64,2013-07-11
394.55,395.65,2013-07-12
394.48,395.66,2013-07-13
394.42,395.66,2013-07-14
394.35,395.67,2013-07-15
394.28,395.68,2013-07-16
394.22,395.68,2013-07-17
394.15,395.69,2013-07-18
394.09,395.69,2013-07-19
394.02,395.7,2013-07-20
393.96,395.71,2013-07-21
393.9,395.71,2013-07-22
393.84,395.72,2013-07-23
393.78,395.73,2013-07-24
393.73,395.73,2013-07-25
393.67,395.74,2013-07-26
393.61,395.75,2013-07-27
393.56,395.75,2013-07-28
393.51,395.76,2013-07-29
393.46,395.77,2013-07-30
393.41,395.77,2013-07-31
393.36,395.78,2013-08-01
393.31,395.79,2013-08-02
393.26,395.79,2013-08-03
393.22,395.8,2013-08-04
393.18,395.81,2013-08-05
393.13,395.81,2013-08-06
393.09,395.82,2013-08-07
393.06,395.83,2013-08-08
393.02,395.83,2013-08-09
392.98,395.84,2013-08-10
392.95,395.84,2013-08-11
392.91,395.85,2013-08-12
392.88,395.86,2013-08-13
392.85,395.86,2013-08-14
392.82,395.87,2013-08-15
392.8,395.88,2013-08-16
392.77,395.88,2013-08-17
392.75,395.89,2013-08-18
392.73,395.9,2013-08-19
392.71,395.9,2013-08-20
392.69,395.91,2013-08-21
392.67,395.91,2013-08-22
392.66,395.92,2013-08-23
392.65,395.93,2013-08-24
392.63,395.93,2013-08-25
392.62,395.94,2013-08-26
392.62,395.95,2013-08-27
392.61,395.95,2013-08-28
392.61,395.96,2013-08-29
392.6,395.96,2013-08-30
392.6,395.97,2013-08-31
392.61,395.98,2013-09-01
392.61,395.98,2013-09-02
392.61,395.99,2013-09-03
392.62,396.0,2013-09-04
392.63,396.0,2013-09-05
392.64,396.01,2013-09-06
392.65,396.01,2013-09-07
392.67,396.02,2013-09-08
392.69,396.03,2013-09-09
392.7,396.03,2013-09-10
392.72,396.04,2013-09-11
392.75,396.05,2013-09-12
392.77,396.05,2013-09-13
392.79,396.06,2013-09-14
392.82,396.06,2013-09-15
392.85,396.07,2013-09-16
392.88,396.08,2013-09-17
392.91,396.08,2013-09-18
392.95,396.09,2013-09-19
392.98,396.09,2013-09-20
393.02,396.1,2013-09-21
393.06,396.11,2013-09-22
393.1,396.11,2013-09-23
393.14,396.12,2013-09-24
393.19,396.12,2013-09-25
393.23,396.13,2013-09-26
393.28,396.14,2013-09-27
393.33,396.14,2013-09-28
393.37,396.15,2013-09-29
393.42,396.16,2013-09-30
393.48,396.16,2013-10-01
393.53,396.17,2013-10-02
393.58,396.17,2013-10-03
393.64,396.18,2013-10-04
393.69,396.19,2013-10-05
393.75,396.19,2013-10-06
393.8,396.2,2013-10-07
393.86,396.2,2013-10-08
393.92,396.21,2013-10-09
393.98,396.22,2013-10-10
394.04,396.22,2013-10-11
394.1,396.23,2013-10-12
394.16,396.23,2013-10-13
394.22,396.24,2013-10-14
394.28,396.24,2013-10-15
394.35,396.25,2013-10-16
394.41,396.26,2013-10-17
394.47,396.26,2013-10-18
394.54,396.27,2013-10-19
394.6,396.27,2013-10-20
394.66,396.28,2013-10-21
394.73,396.29,2013-10-22
394.79,396.29,2013-10-23
394.85,396.3,2013-10-24
394.92,396.3,2013-10-25
394.98,396.31,2013-10-26
395.04,396.32,2013-10-27
395.1,396.32,2013-10-28
395.17,396.33,2013-10-29
395.23,396.33,2013-10-30
395.29,396.34,2013-10-31
395.35,396.34,2013-11-01
395.41,396.35,2013-11-02
395.47,396.36,2013-11-03
395.53,396.36,2013-11-04
395.59,396.37,2013-11-05
395.65,396.37,2013-11-06
395.71,396.38,2013-11-07
395.77,396.38,2013-11-08
395.83,396.39,2013-11-09
395.89,396.4,2013-11-10
395.94,396.4,2013-11-11
396.0,396.41,2013-11-12
396.05,396.41,2013-11-13
396.11,396.42,2013-11-14
396.16,396.42,2013-11-15
396.22,396.43,2013-11-16
396.27,396.44,2013-11-17
396.32,396.44,2013-11-18
396.37,396.45,2013-11-19
396.42,396.45,2013-11-20
396.47,396.46,2013-11-21
396.52,396.46,2013-11-22
396.56,396.47,2013-11-23
396.61,396.48,2013-11-24
396.66,396.48,2013-11-25
396.7,396.49,2013-11-26
396.74,396.49,2013-11-27
396.79,396.5,2013-11-28
396.83,396.5,2013-11-29
396.87,396.51,2013-11-30
396.91,396.51,2013-12-01
396.95,396.52,2013-12-02
396.99,396.53,2013-12-03
397.02,396.53,2013-12-04
397.06,396.54,2013-12-05
397.1,396.54,2013-12-06
397.13,396.55,2013-12-07
397.16,396.55,2013-12-08
397.2,396.56,2013-12-09
397.23,396.56,2013-12-10
397.26,396.57,2013-12-11
397.29,396.58,2013-12-12
397.31,396.58,2013-12-13
397.34,396.59,2013-12-14
397.37,396.59,2013-12-15
397.39,396.6,2013-12-16
397.42,396.6,2013-12-17
397.44,396.61,2013-12-18
397.46,396.61,2013-12-19
397.49,396.62,2013-12-20
397.51,396.62,2013-12-21
397.53,396.63,2013-12-22
397.55,396.64,2013-12-23
397.57,396.64,2013-12-24
397.58,396.65,2013-12-25
397.6,396.65,2013-12-26
397.62,396.66,2013-12-27
397.63,396.66,2013-12-28
397.65,396.67,2013-12-29
397.66,396.67,2013-12-30
397.68,396.68,2013-12-31
397.69,396.68,2014-01-01
397.71,396.69,2014-01-02
397.72,396.7,2014-01-03
397.73,396.7,2014-01-04
397.74,396.71,2014-01-05
397.76,396.71,2014-01-06
397.77,396.72,2014-01-07
397.78,396.72,2014-01-08
397.79,396.73,2014-01-09
397.8,396.73,2014-01-10
397.81,396.74,2014-01-11
397.82,396.74,2014-01-12
397.84,396.75,2014-01-13
397.85,396.75,2014-01-14
397.86,396.76,2014-01-15
397.87,396.76,2014-01-16
397.88,396.77,2014-01-17
397.89,396.78,2014-01-18
397.91,396.78,2014-01-19
397.92,396.79,2014-01-20
397.93,396.79,2014-01-21
397.94,396.8,2014-01-22
397.96,396.8,2014-01-23
397.97,396.81,2014-01-24
397.98,396.81,2014-01-25
398.0,396.82,2014-01-26
398.01,396.82,2014-01-27
398.02,396.83,2014-01-28
398.04,396.83,2014-01-29
398.05,396.84,2014-01-30
398.07,396.84,2014-01-31
398.09,396.85,2014-02-01
398.1,396.85,2014-02-02
398.12,396.86,2014-02-03
398.14,396.86,2014-02-04
398.15,396.87,2014-02-05
398.17,396.88,2014-02-06
398.19,396.88,2014-02-07
398.21,396.89,2014-02-08
398.22,396.89,2014-02-09
398.24,396.9,2014-02-10
398.26,396.9,2014-02-11
398.28,396.91,2014-02-12
398.3,396.91,2014-02-13
398.32,396.92,2014-02-14
398.34,396.92,2014-02-15
398.36,396.93,2014-02-16
398.37,396.93,2014-02-17
398.39,396.94,2014-02-18
398.41,396.94,2014-02-19
398.43,396.95,2014-02-20
398.45,396.95,2014-02-21
398.47,396.96,2014-02-22
398.49,396.96,2014-02-23
398.5,396.97,2014-02-24
398.52,396.97,2014-02-25
398.54,396.98,2014-02-26
398.56,396.98,2014-02-27
398.57,396.99,2014-02-28
398.59,396.99,2014-03-01
398.61,397.0,2014-03-02
398.62,397.0,2014-03-03
398.64,397.01,2014-03-04
398.65,397.01,2014-03-05
398.67,397.02,2014-03-06
398.68,397.02,2014-03-07
398.7,397.03,2014-03-08
398.71,397.03,2014-03-09
398.73,397.04,2014-03-10
398.74,397.05,2014-03-11
398.75,397.05,2014-03-12
398.76,397.06,2014-03-13
398.77,397.06,2014-03-14
398.78,397.07,2014-03-15
398.8,397.07,2014-03-16
398.81,397.08,2014-03-17
398.82,397.08,2014-03-18
398.83,397.09,2014-03-19
398.84,397.09,2014-03-20
398.84,397.1,2014-03-21
398.85,397.1,2014-03-22
398.86,397.11,2014-03-23
398.87,397.11,2014-03-24
398.88,397.12,2014-03-25
398.89,397.12,2014-03-26
398.89,397.13,2014-03-27
398.9,397.13,2014-03-28
398.91,397.14,2014-03-29
398.92,397.14,2014-03-30
398.93,397.15,2014-03-31
398.93,397.15,2014-04-01
398.94,397.16,2014-04-02
398.95,397.16,2014-04-03
398.96,397.17,2014-04-04
398.96,397.17,2014-04-05
398.97,397.18,2014-04-06
398.98,397.18,2014-04-07
398.99,397.19,2014-04-08
398.99,397.19,2014-04-09
399.0,397.2,2014-04-10
399.01,397.2,2014-04-11
399.02,397.21,2014-04-12
399.03,397.21,2014-04-13
399.04,397.22,2014-04-14
399.05,397.22,2014-04-15
399.06,397.23,2014-04-16
399.07,397.23,2014-04-17
399.08,397.24,2014-04-18
399.09,397.24,2014-04-19
399.1,397.25,2014-04-20
399.11,397.25,2014-04-21
399.12,397.26,2014-04-22
399.13,397.26,2014-04-23
399.14,397.27,2014-04-24
399.15,397.27,2014-04-25
399.16,397.28,2014-04-26
399.17,397.28,2014-04-27
399.18,397.29,2014-04-28
399.19,397.29,2014-04-29
399.2,397.3,2014-04-30
399.21,397.3,2014-05-01
399.22,397.31,2014-05-02
399.23,397.31,2014-05-03
399.24,397.32,2014-05-04
399.25,397.32,2014-05-05
399.26,397.33,2014-05-06
399.27,397.33,2014-05-07
399.28,397.34,2014-05-08
399.28,397.34,2014-05-09
399.29,397.35,2014-05-10
399.3,397.35,2014-05-11
399.3,397.36,2014-05-12
399.31,397.36,2014-05-13
399.31,397.37,2014-05-14
399.31,397.37,2014-05-15
399.32,397.38,2014-05-16
399.32,397.38,2014-05-17
399.32,397.39,2014-05-18
399.32,397.39,2014-05-19
399.31,397.4,2014-05-20
399.31,397.4,2014-05-21
399.31,397.41,2014-05-22
399.3,397.41,2014-05-23
399.29,397.42,2014-05-24
399.29,397.42,2014-05-25
399.28,397.43,2014-05-26
399.27,397.43,2014-05-27
399.25,397.44,2014-05-28
399.24,397.44,2014-05-29
399.22,397.44,2014-05-30
399.21,397.45,2014-05-31
399.19,397.45,2014-06-01
399.17,397.46,2014-06-02
399.15,397.46,2014-06-03
399.12,397.47,2014-06-04
399.1,397.47,2014-06-05
399.07,397.48,2014-06-06
399.04,397.48,2014-06-07
399.01,397.49,2014-06-08
398.98,397.49,2014-06-09
398.95,397.5,2014-06-10
398.91,397.5,2014-06-11
398.87,397.51,2014-06-12
398.83,397.51,2014-06-13
398.79,397.52,2014-06-14
398.75,397.52,2014-06-15
398.71,397.53,2014-06-16
398.66,397.53,2014-06-17
398.61,397.54,2014-06-18
398.56,397.54,2014-06-19
398.51,397.55,2014-06-20
398.46,397.55,2014-06-21
398.4,397.56,2014-06-22
398.34,397.56,2014-06-23
398.29,397.57,2014-06-24
398.23,397.57,2014-06-25
398.17,397.58,2014-06-26
398.1,397.58,2014-06-27
398.04,397.59,2014-06-28
397.97,397.59,2014-06-29
397.91,397.6,2014-06-30
397.84,397.6,2014-07-01
397.77,397.61,2014-07-02
397.7,397.61,2014-07-03
397.63,397.62,2014-07-04
397.55,397.62,2014-07-05
397.48,397.63,2014-07-06
397.4,397.63,2014-07-07
397.33,397.64,2014-07-08
397.25,397.64,2014-07-09
397.17,397.65,2014-07-10
397.09,397.65,2014-07-11
397.02,397.66,2014-07-12
396.94,397.66,2014-07-13
396.86,397.67,2014-07-14
396.78,397.67,2014-07-15
396.7,397.68,2014-07-16
396.62,397.68,2014-07-17
396.53,397.69,2014-07-18
396.45,397.69,2014-07-19
396.37,397.7,2014-07-20
396.29,397.7,2014-07-21
396.21,397.71,2014-07-22
396.13,397.71,2014-07-23
396.05,397.72,2014-07-24
395.97,397.72,2014-07-25
395.89,397.73,2014-07-26
395.81,397.73,2014-07-27
395.74,397.74,2014-07-28
395.66,397.74,2014-07-29
395.58,397.75,2014-07-30
395.51,397.75,2014-07-31
395.44,397.76,2014-08-01
395.36,397.76,2014-08-02
395.29,397.77,2014-08-03
395.22,397.77,2014-08-04
395.15,397.78,2014-08-05
395.09,397.78,2014-08-06
395.02,397.79,2014-08-07
394.96,397.79,2014-08-08
394.9,397.8,2014-08-09
394.84,397.8,2014-08-10
394.78,397.81,2014-08-11
394.72,397.81,2014-08-12
394.67,397.82,2014-08-13
394.62,397.82,2014-08-14
394.57,397.83,2014-08-15
394.52,397.83,2014-08-16
394.47,397.84,2014-08-17
394.43,397.84,2014-08-18
394.39,397.85,2014-08-19
394.35,397.85,2014-08-20
394.32,397.86,2014-08-21
394.28,397.86,2014-08-22
394.25,397.87,2014-08-23
394.22,397.87,2014-08-24
394.2,397.88,2014-08-25
394.17,397.88,2014-08-26
394.15,397.89,2014-08-27
394.13,397.89,2014-08-28
394.12,397.9,2014-08-29
394.11,397.9,2014-08-30
394.1,397.91,2014-08-31
394.09,397.91,2014-09-01
394.08,397.92,2014-09-02
394.08,397.92,2014-09-03
394.08,397.93,2014-09-04
394.08,397.93,2014-09-05
394.09,397.94,2014-09-06
394.09,397.94,2014-09-07
394.1,397.95,2014-09-08
394.12,397.95,2014-09-09
394.13,397.96,2014-09-10
394.15,397.96,2014-09-11
394.17,397.97,2014-09-12
394.19,397.97,2014-09-13
394.21,397.98,2014-09-14
394.24,397.98,2014-09-15
394.27,397.99,2014-09-16
394.3,397.99,2014-09-17
394.33,398.0,2014-09-18
394.36,398.0,2014-09-19
394.4,398.01,2014-09-20
394.44,398.01,2014-09-21
394.48,398.02,2014-09-22
394.52,398.02,2014-09-23
394.57,398.03,2014-09-24
394.61,398.03,2014-09-25
394.66,398.04,2014-09-26
394.71,398.04,2014-09-27
394.76,398.05,2014-09-28
394.81,398.05,2014-09-29
394.86,398.06,2014-09-30
394.92,398.06,2014-10-01
394.98,398.07,2014-10-02
395.03,398.07,2014-10-03
395.09,398.08,2014-10-04
395.15,398.08,2014-10-05
395.22,398.09,2014-10-06
395.28,398.09,2014-10-07
395.34,398.1,2014-10-08
395.41,398.11,2014-10-09
395.47,398.11,2014-10-10
395.54,398.12,2014-10-11
395.61,398.12,2014-10-12
395.68,398.13,2014-10-13
395.75,398.13,2014-10-14
395.82,398.14,2014-10-15
395.89,398.14,2014-10-16
395.96,398.15,2014-10-17
396.03,398.15,2014-10-18
396.1,398.16,2014-10-19
396.17,398.16,2014-10-20
396.25,398.17,2014-10-21
396.32,398.17,2014-10-22
396.39,398.18,2014-10-23
396.47,398.18,2014-10-24
396.54,398.19,2014-10-25
396.61,398.19,2014-10-26
396.69,398.2,2014-10-27
396.76,398.2,2014-10-28
396.83,398.21,2014-10-29
396.91,398.21,2014-10-30
396.98,398.22,2014-10-31
397.05,398.22,2014-11-01
397.12,398.23,2014-11-02
397.2,398.23,2014-11-03
397.27,398.24,2014-11-04
397.34,398.25,2014-11-05
397.41,398.25,2014-11-06
397.48,398.26,2014-11-07
397.55,398.26,2014-11-08
397.62,398.27,2014-11-09
397.68,398.27,2014-11-10
397.75,398.28,2014-11-11
397.81,398.28,2014-11-12
397.88,398.29,2014-11-13
397.94,398.29,2014-11-14
398.0,398.3,2014-11-15
398.07,398.3,2014-11-16
398.13,398.31,2014-11-17
398.18,398.31,2014-11-18
398.24,398.32,2014-11-19
398.3,398.32,2014-11-20
398.35,398.33,2014-11-21
398.41,398.34,2014-11-22
398.46,398.34,2014-11-23
398.51,398.35,2014-11-24
398.56,398.35,2014-11-25
398.61,398.36,2014-11-26
398.66,398.36,2014-11-27
398.71,398.37,2014-11-28
398.75,398.37,2014-11-29
398.8,398.38,2014-11-30
398.84,398.38,2014-12-01
398.88,398.39,2014-12-02
398.92,398.39,2014-12-03
398.96,398.4,2014-12-04
399.0,398.4,2014-12-05
399.03,398.41,2014-12-06
399.07,398.42,2014-12-07
399.1,398.42,2014-12-08
399.14,398.43,2014-12-09
399.17,398.43,2014-12-10
399.2,398.44,2014-12-11
399.23,398.44,2014-12-12
399.26,398.45,2014-12-13
399.29,398.45,2014-12-14
399.32,398.46,2014-12-15
399.34,398.46,2014-12-16
399.37,398.47,2014-12-17
399.4,398.47,2014-12-18
399.42,398.48,2014-12-19
399.44,398.49,2014-12-20
399.47,398.49,2014-12-21
399.49,398.5,2014-12-22
399.52,398.5,2014-12-23
399.54,398.51,2014-12-24
399.56,398.51,2014-12-25
399.58,398.52,2014-12-26
399.61,398.52,2014-12-27
399.63,398.53,2014-12-28
399.65,398.54,2014-12-29
399.67,398.54,2014-12-30
399.69,398.55,2014-12-31
399.71,398.55,2015-01-01
399.73,398.56,2015-01-02
399.76,398.56,2015-01-03
399.78,398.57,2015-01-04
399.8,398.57,2015-01-05
399.82,398.58,2015-01-06
399.84,398.59,2015-01-07
399.86,398.59,2015-01-08
399.89,398.6,2015-01-09
399.91,398.6,2015-01-10
399.93,398.61,2015-01-11
399.95,398.61,2015-01-12
399.97,398.62,2015-01-13
400.0,398.62,2015-01-14
400.02,398.63,2015-01-15
400.04,398.64,2015-01-16
400.06,398.64,2015-01-17
400.09,398.65,2015-01-18
400.11,398.65,2015-01-19
400.13,398.66,2015-01-20
400.15,398.66,2015-01-21
400.18,398.67,2015-01-22
400.2,398.68,2015-01-23
400.22,398.68,2015-01-24
400.24,398.69,2015-01-25
400.27,398.69,2015-01-26
400.29,398.7,2015-01-27
400.31,398.7,2015-01-28
400.33,398.71,2015-01-29
400.35,398.72,2015-01-30
400.37,398.72,2015-01-31
400.39,398.73,2015-02-01
400.41,398.73,2015-02-02
400.43,398.74,2015-02-03
400.45,398.74,2015-02-04
400.47,398.75,2015-02-05
400.49,398.76,2015-02-06
400.51,398.76,2015-02-07
400.53,398.77,2015-02-08
400.54,398.77,2015-02-09
400.56,398.78,2015-02-10
400.58,398.78,2015-02-11
400.59,398.79,2015-02-12
400.61,398.8,2015-02-13
400.62,398.8,2015-02-14
400.64,398.81,2015-02-15
400.65,398.81,2015-02-16
400.66,398.82,2015-02-17
400.68,398.83,2015-02-18
400.69,398.83,2015-02-19
400.7,398.84,2015-02-20
400.71,398.84,2015-02-21
400.72,398.85,2015-02-22
400.73,398.86,2015-02-23
400.74,398.86,2015-02-24
400.75,398.87,2015-02-25
400.76,398.87,2015-02-26
400.77,398.88,2015-02-27
400.78,398.89,2015-02-28
400.79,398.89,2015-03-01
400.8,398.9,2015-03-02
400.81,398.9,2015-03-03
400.81,398.91,2015-03-04
400.82,398.92,2015-03-05
400.83,398.92,2015-03-06
400.84,398.93,2015-03-07
400.84,398.93,2015-03-08
400.85,398.94,2015-03-09
400.86,398.95,2015-03-10
400.87,398.95,2015-03-11
400.87,398.96,2015-03-12
400.88,398.96,2015-03-13
400.89,398.97,2015-03-14
400.9,398.98,2015-03-15
400.91,398.98,2015-03-16
400.92,398.99,2015-03-17
400.93,398.99,2015-03-18
400.94,399.0,2015-03-19
400.95,399.01,2015-03-20
400.96,399.01,2015-03-21
400.97,399.02,2015-03-22
400.98,399.03,2015-03-23
400.99,399.03,2015-03-24
401.0,399.04,2015-03-25
401.01,399.04,2015-03-26
401.03,399.05,2015-03-27
401.04,399.06,2015-03-28
401.05,399.06,2015-03-29
401.07,399.07,2015-03-30
401.08,399.07,2015-03-31
401.1,399.08,2015-04-01
401.11,399.09,2015-04-02
401.13,399.09,2015-04-03
401.14,399.1,2015-04-04
401.16,399.11,2015-04-05
401.18,399.11,2015-04-06
401.2,399.12,2015-04-07
401.21,399.13,2015-04-08
401.23,399.13,2015-04-09
401.25,399.14,2015-04-10
401.27,399.14,2015-04-11
401.29,399.15,2015-04-12
401.31,399.16,2015-04-13
401.33,399.16,2015-04-14
401.34,399.17,2015-04-15
401.36,399.18,2015-04-16
401.38,399.18,2015-04-17
401.4,399.19,2015-04-18
401.42,399.2,2015-04-19
401.44,399.2,2015-04-20
401.46,399.21,2015-04-21
401.48,399.22,2015-04-22
401.49,399.22,2015-04-23
401.51,399.23,2015-04-24
401.53,399.24,2015-04-25
401.54,399.24,2015-04-26
401.56,399.25,2015-04-27
401.57,399.26,2015-04-28
401.59,399.26,2015-04-29
401.6,399.27,2015-04-30
401.61,399.27,2015-05-01
401.62,399.28,2015-05-02
401.63,399.29,2015-05-03
401.64,399.29,2015-05-04
401.65,399.3,2015-05-05
401.65,399.31,2015-05-06
401.66,399.31,2015-05-07
401.66,399.32,2015-05-08
401.66,399.33,2015-05-09
401.66,399.34,2015-05-10
401.66,399.34,2015-05-11
401.66,399.35,2015-05-12
401.65,399.36,2015-05-13
401.65,399.36,2015-05-14
401.64,399.37,2015-05-15
401.63,399.38,2015-05-16
401.62,399.38,2015-05-17
401.6,399.39,2015-05-18
401.59,399.4,2015-05-19
401.57,399.4,2015-05-20
401.55,399.41,2015-05-21
401.53,399.42,2015-05-22
401.51,399.42,2015-05-23
401.48,399.43,2015-05-24
401.45,399.44,2015-05-25
401.42,399.44,2015-05-26
401.39,399.45,2015-05-27
401.36,399.46,2015-05-28
401.32,399.47,2015-05-29
401.28,399.47,2015-05-30
401.24,399.48,2015-05-31
401.2,399.49,2015-06-01
401.15,399.49,2015-06-02
401.11,399.5,2015-06-03
401.06,399.51,2015-06-04
401.01,399.51,2015-06-05
400.95,399.52,2015-06-06
400.9,399.53,2015-06-07
400.84,399.54,2015-06-08
400.79,399.54,2015-06-09
400.73,399.55,2015-06-10
400.66,399.56,2015-06-11
400.6,399.56,2015-06-12
400.54,399.57,2015-06-13
400.47,399.58,2015-06-14
400.4,399.59,2015-06-15
400.33,399.59,2015-06-16
400.26,399.6,2015-06-17
400.19,399.61,2015-06-18
400.12,399.61,2015-06-19
400.05,399.62,2015-06-20
399.97,399.63,2015-06-21
399.9,399.64,2015-06-22
399.82,399.64,2015-06-23
399.74,399.65,2015-06-24
399.67,399.66,2015-06-25
399.59,399.67,2015-06-26
399.51,399.67,2015-06-27
399.43,399.68,2015-06-28
399.35,399.69,2015-06-29
399.27,399.7,2015-06-30
399.19,399.7,2015-07-01
399.11,399.71,2015-07-02
399.03,399.72,2015-07-03
398.95,399.73,2015-07-04
398.87,399.73,2015-07-05
398.79,399.74,2015-07-06
398.72,399.75,2015-07-07
398.64,399.76,2015-07-08
398.56,399.76,2015-07-09
398.48,399.77,2015-07-10
398.41,399.78,2015-07-11
398.33,399.79,2015-07-12
398.26,399.79,2015-07-13
398.18,399.8,2015-07-14
398.11,399.81,2015-07-15
398.04,399.82,2015-07-16
397.97,399.82,2015-07-17
397.9,399.83,2015-07-18
397.83,399.84,2015-07-19
397.77,399.85,2015-07-20
397.7,399.85,2015-07-21
397.64,399.86,2015-07-22
397.58,399.87,2015-07-23
397.52,399.88,2015-07-24
397.46,399.89,2015-07-25
397.4,399.89,2015-07-26
397.35,399.9,2015-07-27
397.29,399.91,2015-07-28
397.24,399.92,2015-07-29
397.19,399.92,2015-07-30
397.14,399.93,2015-07-31
397.09,399.94,2015-08-01
397.05,399.95,2015-08-02
397.0,399.96,2015-08-03
396.96,399.96,2015-08-04
396.92,399.97,2015-08-05
396.88,399.98,2015-08-06
396.85,399.99,2015-08-07
396.81,400.0,2015-08-08
396.78,400.0,2015-08-09
396.75,400.01,2015-08-10
396.72,400.02,2015-08-11
396.69,400.03,2015-08-12
396.67,400.04,2015-08-13
396.64,400.04,2015-08-14
396.62,400.05,2015-08-15
396.6,400.06,2015-08-16
396.59,400.07,2015-08-17
396.57,400.08,2015-08-18
396.56,400.08,2015-08-19
396.54,400.09,2015-08-20
396.53,400.1,2015-08-21
396.52,400.11,2015-08-22
396.52,400.12,2015-08-23
396.51,400.12,2015-08-24
396.51,400.13,2015-08-25
396.5,400.14,2015-08-26
396.5,400.15,2015-08-27
396.51,400.16,2015-08-28
396.51,400.17,2015-08-29
396.51,400.17,2015-08-30
396.52,400.18,2015-08-31
396.53,400.19,2015-09-01
396.54,400.2,2015-09-02
396.55,400.21,2015-09-03
396.56,400.22,2015-09-04
396.58,400.22,2015-09-05
396.59,400.23,2015-09-06
396.61,400.24,2015-09-07
396.63,400.25,2015-09-08
396.65,400.26,2015-09-09
396.67,400.27,2015-09-10
396.7,400.27,2015-09-11
396.72,400.28,2015-09-12
396.75,400.29,2015-09-13
396.78,400.3,2015-09-14
396.81,400.31,2015-09-15
396.84,400.32,2015-09-16
396.87,400.33,2015-09-17
396.9,400.33,2015-09-18
396.94,400.34,2015-09-19
396.98,400.35,2015-09-20
397.02,400.36,2015-09-21
397.06,400.37,2015-09-22
397.1,400.38,2015-09-23
397.14,400.39,2015-09-24
397.18,400.39,2015-09-25
397.23,400.4,2015-09-26
397.28,400.41,2015-09-27
397.32,400.42,2015-09-28
397.37,400.43,2015-09-29
397.42,400.44,2015-09-30
397.48,400.45,2015-10-01
397.53,400.46,2015-10-02
397.58,400.46,2015-10-03
397.64,400.47,2015-10-04
397.7,400.48,2015-10-05
397.76,400.49,2015-10-06
397.82,400.5,2015-10-07
397.88,400.51,2015-10-08
397.94,400.52,2015-10-09
398.0,400.53,2015-10-10
398.06,400.53,2015-10-11
398.13,400.54,2015-10-12
398.2,400.55,2015-10-13
398.26,400.56,2015-10-14
398.33,400.57,2015-10-15
398.4,400.58,2015-10-16
398.47,400.59,2015-10-17
398.54,400.6,2015-10-18
398.61,400.61,2015-10-19
398.68,400.62,2015-10-20
398.75,400.62,2015-10-21
398.82,400.63,2015-10-22
398.9,400.64,2015-10-23
398.97,400.65,2015-10-24
399.05,400.66,2015-10-25
399.12,400.67,2015-10-26
399.2,400.68,2015-10-27
399.27,400.69,2015-10-28
399.35,400.7,2015-10-29
399.42,400.71,2015-10-30
399.5,400.71,2015-10-31
399.57,400.72,2015-11-01
399.65,400.73,2015-11-02
399.72,400.74,2015-11-03
399.8,400.75,2015-11-04
399.87,400.76,2015-11-05
399.95,400.77,2015-11-06
400.02,400.78,2015-11-07
400.1,400.79,2015-11-08
400.17,400.8,2015-11-09
400.24,400.81,2015-11-10
400.32,400.82,2015-11-11
400.39,400.83,2015-11-12
400.46,400.83,2015-11-13
400.53,400.84,2015-11-14
400.6,400.85,2015-11-15
400.67,400.86,2015-11-16
400.74,400.87,2015-11-17
400.81,400.88,2015-11-18
400.87,400.89,2015-11-19
400.94,400.9,2015-11-20
401.0,400.91,2015-11-21
401.06,400.92,2015-11-22
401.13,400.93,2015-11-23
401.19,400.94,2015-11-24
401.25,400.95,2015-11-25
401.31,400.96,2015-11-26
401.36,400.97,2015-11-27
401.42,400.98,2015-11-28
401.48,400.98,2015-11-29
401.53,400.99,2015-11-30
401.58,401.0,2015-12-01
401.63,401.01,2015-12-02
401.68,401.02,2015-12-03
401.73,401.03,2015-12-04
401.78,401.04,2015-12-05
401.82,401.05,2015-12-06
401.87,401.06,2015-12-07
401.91,401.07,2015-12-08
401.95,401.08,2015-12-09
401.99,401.09,2015-12-10
402.03,401.1,2015-12-11
402.07,401.11,2015-12-12
402.11,401.12,2015-12-13
402.14,401.13,2015-12-14
402.18,401.14,2015-12-15
402.21,401.15,2015-12-16
402.24,401.16,2015-12-17
402.27,401.17,2015-12-18
402.3,401.18,2015-12-19
402.33,401.19,2015-12-20
402.36,401.19,2015-12-21
402.39,401.2,2015-12-22
402.41,401.21,2015-12-23
402.44,401.22,2015-12-24
402.46,401.23,2015-12-25
402.48,401.24,2015-12-26
402.5,401.25,2015-12-27
402.52,401.26,2015-12-28
402.54,401.27,2015-12-29
402.56,401.28,2015-12-30
402.58,401.29,2015-12-31
402.59,401.3,2016-01-01
402.61,401.31,2016-01-02
402.62,401.32,2016-01-03
402.64,401.33,2016-01-04
402.65,401.34,2016-01-05
402.67,401.35,2016-01-06
402.68,401.36,2016-01-07
402.69,401.37,2016-01-08
402.7,401.38,2016-01-09
402.71,401.39,2016-01-10
402.72,401.4,2016-01-11
402.73,401.41,2016-01-12
402.74,401.42,2016-01-13
402.75,401.43,2016-01-14
402.76,401.44,2016-01-15
402.77,401.45,2016-01-16
402.78,401.46,2016-01-17
402.79,401.47,2016-01-18
402.8,401.48,2016-01-19
402.8,401.49,2016-01-20
402.81,401.5,2016-01-21
402.82,401.51,2016-01-22
402.83,401.52,2016-01-23
402.83,401.53,2016-01-24
402.84,401.54,2016-01-25
402.85,401.55,2016-01-26
402.86,401.56,2016-01-27
402.86,401.57,2016-01-28
402.87,401.58,2016-01-29
402.88,401.59,2016-01-30
402.89,401.6,2016-01-31
402.9,401.61,2016-02-01
402.91,401.62,2016-02-02
402.92,401.63,2016-02-03
402.93,401.64,2016-02-04
402.94,401.65,2016-02-05
402.95,401.66,2016-02-06
402.96,401.67,2016-02-07
402.97,401.67,2016-02-08
402.98,401.68,2016-02-09
402.99,401.69,2016-02-10
403.0,401.7,2016-02-11
403.02,401.71,2016-02-12
403.03,401.72,2016-02-13
403.05,401.73,2016-02-14
403.06,401.74,2016-02-15
403.08,401.75,2016-02-16
403.09,401.76,2016-02-17
403.11,401.77,2016-02-18
403.13,401.78,2016-02-19
403.14,401.79,2016-02-20
403.16,401.8,2016-02-21
403.18,401.81,2016-02-22
403.2,401.82,2016-02-23
403.22,401.83,2016-02-24
403.24,401.84,2016-02-25
403.27,401.85,2016-02-26
403.29,401.86,2016-02-27
403.31,401.87,2016-02-28
403.34,401.88,2016-02-29
403.36,401.89,2016-03-01
403.38,401.9,2016-03-02
403.41,401.91,2016-03-03
403.44,401.92,2016-03-04
403.46,401.93,2016-03-05
403.49,401.94,2016-03-06
403.52,401.95,2016-03-07
403.55,401.96,2016-03-08
403.57,401.97,2016-03-09
403.6,401.98,2016-03-10
403.63,401.99,2016-03-11
403.66,402.0,2016-03-12
403.69,402.01,2016-03-13
403.72,402.02,2016-03-14
403.75,402.03,2016-03-15
403.78,402.04,2016-03-16
403.81,402.05,2016-03-17
403.85,402.06,2016-03-18
403.88,402.07,2016-03-19
403.91,402.08,2016-03-20
403.94,402.09,2016-03-21
403.97,402.1,2016-03-22
404.0,402.11,2016-03-23
404.03,402.12,2016-03-24
404.07,402.13,2016-03-25
404.1,402.14,2016-03-26
404.13,402.15,2016-03-27
404.16,402.16,2016-03-28
404.19,402.17,2016-03-29
404.22,402.18,2016-03-30
404.25,402.19,2016-03-31
404.28,402.2,2016-04-01
404.31,402.21,2016-04-02
404.34,402.22,2016-04-03
404.37,402.23,2016-04-04
404.4,402.24,2016-04-05
404.43,402.25,2016-04-06
404.46,402.26,2016-04-07
404.49,402.27,2016-04-08
404.51,402.28,2016-04-09
404.54,402.29,2016-04-10
404.57,402.3,2016-04-11
404.59,402.31,2016-04-12
404.62,402.32,2016-04-13
404.64,402.33,2016-04-14
404.67,402.34,2016-04-15
404.69,402.35,2016-04-16
404.72,402.36,2016-04-17
404.74,402.37,2016-04-18
404.76,402.38,2016-04-19
404.78,402.39,2016-04-20
404.8,402.4,2016-04-21
404.82,402.41,2016-04-22
404.84,402.42,2016-04-23
404.86,402.43,2016-04-24
404.87,402.44,2016-04-25
404.89,402.45,2016-04-26
404.9,402.46,2016-04-27
404.92,402.47,2016-04-28
404.93,402.48,2016-04-29
404.94,402.49,2016-04-30
404.96,402.5,2016-05-01
404.97,402.51,2016-05-02
404.98,402.52,2016-05-03
404.98,402.53,2016-05-04
404.99,402.54,2016-05-05
405.0,402.55,2016-05-06
405.0,402.56,2016-05-07
405.0,402.57,2016-05-08
405.0,402.58,2016-05-09
405.01,402.59,2016-05-10
405.0,402.59,2016-05-11
405.0,402.6,2016-05-12
405.0,402.61,2016-05-13
404.99,402.62,2016-05-14
404.99,402.63,2016-05-15
404.98,402.64,2016-05-16
404.97,402.65,2016-05-17
404.96,402.66,2016-05-18
404.94,402.67,2016-05-19
404.93,402.68,2016-05-20
404.91,402.69,2016-05-21
404.89,402.7,2016-05-22
404.87,402.71,2016-05-23
404.85,402.72,2016-05-24
404.83,402.73,2016-05-25
404.8,402.74,2016-05-26
404.77,402.75,2016-05-27
404.74,402.76,2016-05-28
404.71,402.77,2016-05-29
404.68,402.78,2016-05-30
404.64,402.79,2016-05-31
404.61,402.8,2016-06-01
404.57,402.81,2016-06-02
404.53,402.82,2016-06-03
404.48,402.83,2016-06-04
404.44,402.83,2016-06-05
404.39,402.84,2016-06-06
404.34,402.85,2016-06-07
404.29,402.86,2016-06-08
404.24,402.87,2016-06-09
404.19,402.88,2016-06-10
404.13,402.89,2016-06-11
404.08,402.9,2016-06-12
404.02,402.91,2016-06-13
403.96,402.92,2016-06-14
403.89,402.93,2016-06-15
403.83,402.94,2016-06-16
403.76,402.95,2016-06-17
403.7,402.96,2016-06-18
403.63,402.97,2016-06-19
403.56,402.98,2016-06-20
403.49,402.98,2016-06-21
403.42,402.99,2016-06-22
403.34,403.0,2016-06-23
403.27,403.01,2016-06-24
403.19,403.02,2016-06-25
403.12,403.03,2016-06-26
403.04,403.04,2016-06-27
402.96,403.05,2016-06-28
402.88,403.06,2016-06-29
402.8,403.07,2016-06-30
402.72,403.08,2016-07-01
402.64,403.09,2016-07-02
402.56,403.1,2016-07-03
402.48,403.1,2016-07-04
402.4,403.11,2016-07-05
402.31,403.12,2016-07-06
402.23,403.13,2016-07-07
402.15,403.14,2016-07-08
402.07,403.15,2016-07-09
401.99,403.16,2016-07-10
401.91,403.17,2016-07-11
401.82,403.18,2016-07-12
401.74,403.19,2016-07-13
401.66,403.2,2016-07-14
401.58,403.2,2016-07-15
401.5,403.21,2016-07-16
401.43,403.22,2016-07-17
401.35,403.23,2016-07-18
401.27,403.24,2016-07-19
401.2,403.25,2016-07-20
401.12,403.26,2016-07-21
401.05,403.27,2016-07-22
400.98,403.28,2016-07-23
400.9,403.28,2016-07-24
400.83,403.29,2016-07-25
400.77,403.3,2016-07-26
400.7,403.31,2016-07-27
400.64,403.32,2016-07-28
400.57,403.33,2016-07-29
400.51,403.34,2016-07-30
400.45,403.35,2016-07-31
400.39,403.35,2016-08-01
400.34,403.36,2016-08-02
400.28,403.37,2016-08-03
400.23,403.38,2016-08-04
400.18,403.39,2016-08-05
400.14,403.4,2016-08-06
400.09,403.41,2016-08-07
400.05,403.42,2016-08-08
400.01,403.42,2016-08-09
399.97,403.43,2016-08-10
399.94,403.44,2016-08-11
399.9,403.45,2016-08-12
399.87,403.46,2016-08-13
399.85,403.47,2016-08-14
399.82,403.48,2016-08-15
399.8,403.48,2016-08-16
399.78,403.49,2016-08-17
399.77,403.5,2016-08-18
399.75,403.51,2016-08-19
399.74,403.52,2016-08-20
399.74,403.53,2016-08-21
399.73,403.53,2016-08-22
399.73,403.54,2016-08-23
399.73,403.55,2016-08-24
399.73,403.56,2016-08-25
399.74,403.57,2016-08-26
399.75,403.58,2016-08-27
399.76,403.58,2016-08-28
399.78,403.59,2016-08-29
399.8,403.6,2016-08-30
399.82,403.61,2016-08-31
399.84,403.62,2016-09-01
399.87,403.63,2016-09-02
399.9,403.63,2016-09-03
399.93,403.64,2016-09-04
399.96,403.65,2016-09-05
400.0,403.66,2016-09-06
400.04,403.67,2016-09-07
400.08,403.68,2016-09-08
400.12,403.68,2016-09-09
400.17,403.69,2016-09-10
400.21,403.7,2016-09-11
400.26,403.71,2016-09-12
400.32,403.72,2016-09-13
400.37,403.72,2016-09-14
400.42,403.73,2016-09-15
400.48,403.74,2016-09-16
400.54,403.75,2016-09-17
400.6,403.76,2016-09-18
400.66,403.76,2016-09-19
400.72,403.77,2016-09-20
400.78,403.78,2016-09-21
400.85,403.79,2016-09-22
400.91,403.79,2016-09-23
400.98,403.8,2016-09-24
401.05,403.81,2016-09-25
401.11,403.82,2016-09-26
401.18,403.83,2016-09-27
401.25,403.83,2016-09-28
401.32,403.84,2016-09-29
401.38,403.85,2016-09-30
401.45,403.86,2016-10-01
401.52,403.87,2016-10-02
401.59,403.87,2016-10-03
401.65,403.88,2016-10-04
401.72,403.89,2016-10-05
401.79,403.9,2016-10-06
401.86,403.9,2016-10-07
401.92,403.91,2016-10-08
401.99,403.92,2016-10-09
402.05,403.93,2016-10-10
402.12,403.93,2016-10-11
402.18,403.94,2016-10-12
402.24,403.95,2016-10-13
402.3,403.96,2016-10-14
402.36,403.96,2016-10-15
402.42,403.97,2016-10-16
402.48,403.98,2016-10-17
402.54,403.99,2016-10-18
402.6,403.99,2016-10-19
402.65,404.0,2016-10-20
402.71,404.01,2016-10-21
402.76,404.02,2016-10-22
402.82,404.02,2016-10-23
402.87,404.03,2016-10-24
402.92,404.04,2016-10-25
402.97,404.05,2016-10-26
403.02,404.05,2016-10-27
403.07,404.06,2016-10-28
403.11,404.07,2016-10-29
403.16,404.07,2016-10-30
403.21,404.08,2016-10-31
403.25,404.09,2016-11-01
403.3,404.1,2016-11-02
403.34,404.1,2016-11-03
403.38,404.11,2016-11-04
403.43,404.12,2016-11-05
403.47,404.12,2016-11-06
403.51,404.13,2016-11-07
403.55,404.14,2016-11-08
403.59,404.15,2016-11-09
403.63,404.15,2016-11-10
403.67,404.16,2016-11-11
403.71,404.17,2016-11-12
403.74,404.17,2016-11-13
403.78,404.18,2016-11-14
403.82,404.19,2016-11-15
403.86,404.19,2016-11-16
403.9,404.2,2016-11-17
403.93,404.21,2016-11-18
403.97,404.22,2016-11-19
404.01,404.22,2016-11-20
404.05,404.23,2016-11-21
404.08,404.24,2016-11-22
404.12,404.24,2016-11-23
404.16,404.25,2016-11-24
404.2,404.26,2016-11-25
404.23,404.26,2016-11-26
404.27,404.27,2016-11-27
404.31,404.28,2016-11-28
404.35,404.28,2016-11-29
404.38,404.29,2016-11-30
404.42,404.3,2016-12-01
404.46,404.3,2016-12-02
404.5,404.31,2016-12-03
404.53,404.32,2016-12-04
404.57,404.32,2016-12-05
404.61,404.33,2016-12-06
404.65,404.34,2016-12-07
404.69,404.34,2016-12-08
404.72,404.35,2016-12-09
404.76,404.36,2016-12-10
404.8,404.36,2016-12-11
404.84,404.37,2016-12-12
404.88,404.38,2016-12-13
404.91,404.38,2016-12-14
404.95,404.39,2016-12-15
404.99,404.4,2016-12-16
405.03,404.4,2016-12-17
405.07,404.41,2016-12-18
405.1,404.42,2016-12-19
405.14,404.42,2016-12-20
405.18,404.43,2016-12-21
405.22,404.43,2016-12-22
405.25,404.44,2016-12-23
405.29,404.45,2016-12-24
405.33,404.45,2016-12-25
405.36,404.46,2016-12-26
405.4,404.47,2016-12-27
405.43,404.47,2016-12-28
405.47,404.48,2016-12-29
405.5,404.49,2016-12-30
405.54,404.49,2016-12-31
405.57,404.5,2017-01-01
405.61,404.5,2017-01-02
405.64,404.51,2017-01-03
405.67,404.52,2017-01-04
405.71,404.52,2017-01-05
405.74,404.53,2017-01-06
405.77,404.53,2017-01-07
405.8,404.54,2017-01-08
405.83,404.55,2017-01-09
405.87,404.55,2017-01-10
405.9,404.56,2017-01-11
405.93,404.57,2017-01-12
405.96,404.57,2017-01-13
405.98,404.58,2017-01-14
406.01,404.58,2017-01-15
406.04,404.59,2017-01-16
406.07,404.6,2017-01-17
406.1,404.6,2017-01-18
406.12,404.61,2017-01-19
406.15,404.61,2017-01-20
406.17,404.62,2017-01-21
406.2,404.63,2017-01-22
406.22,404.63,2017-01-23
406.25,404.64,2017-01-24
406.27,404.64,2017-01-25
406.29,404.65,2017-01-26
406.32,404.66,2017-01-27
406.34,404.66,2017-01-28
406.36,404.67,2017-01-29
406.38,404.67,2017-01-30
406.4,404.68,2017-01-31
406.42,404.69,2017-02-01
406.44,404.69,2017-02-02
406.46,404.7,2017-02-03
406.47,404.7,2017-02-04
406.49,404.71,2017-02-05
406.51,404.71,2017-02-06
406.52,404.72,2017-02-07
406.54,404.73,2017-02-08
406.55,404.73,2017-02-09
406.57,404.74,2017-02-10
406.58,404.74,2017-02-11
406.59,404.75,2017-02-12
406.61,404.75,2017-02-13
406.62,404.76,2017-02-14
406.63,404.77,2017-02-15
406.64,404.77,2017-02-16
406.65,404.78,2017-02-17
406.66,404.78,2017-02-18
406.67,404.79,2017-02-19
406.68,404.79,2017-02-20
406.68,404.8,2017-02-21
406.69,404.81,2017-02-22
406.7,404.81,2017-02-23
406.7,404.82,2017-02-24
406.71,404.82,2017-02-25
406.72,404.83,2017-02-26
406.72,404.83,2017-02-27
406.73,404.84,2017-02-28
406.73,404.84,2017-03-01
406.74,404.85,2017-03-02
406.74,404.86,2017-03-03
406.74,404.86,2017-03-04
406.75,404.87,2017-03-05
406.75,404.87,2017-03-06
406.75,404.88,2017-03-07
406.76,404.88,2017-03-08
406.76,404.89,2017-03-09
406.76,404.89,2017-03-10
406.76,404.9,2017-03-11
406.77,404.91,2017-03-12
406.77,404.91,2017-03-13
406.77,404.92,2017-03-14
406.77,404.92,2017-03-15
406.78,404.93,2017-03-16
406.78,404.93,2017-03-17
406.78,404.94,2017-03-18
406.79,404.94,2017-03-19
406.79,404.95,2017-03-20
406.79,404.95,2017-03-21
406.8,404.96,2017-03-22
406.8,404.96,2017-03-23
406.81,404.97,2017-03-24
406.81,404.98,2017-03-25
406.82,404.98,2017-03-26
406.82,404.99,2017-03-27
406.83,404.99,2017-03-28
406.84,405.0,2017-03-29
406.84,405.0,2017-03-30
406.85,405.01,2017-03-31
406.86,405.01,2017-04-01
406.87,405.02,2017-04-02
406.88,405.02,2017-04-03
406.88,405.03,2017-04-04
406.89,405.03,2017-04-05
406.9,405.04,2017-04-06
406.92,405.04,2017-04-07
406.93,405.05,2017-04-08
406.94,405.06,2017-04-09
406.95,405.06,2017-04-10
406.96,405.07,2017-04-11
406.97,405.07,2017-04-12
406.99,405.08,2017-04-13
407.0,405.08,2017-04-14
407.01,405.09,2017-04-15
407.03,405.09,2017-04-16
407.04,405.1,2017-04-17
407.05,405.1,2017-04-18
407.07,405.11,2017-04-19
407.08,405.11,2017-04-20
407.1,405.12,2017-04-21
407.11,405.12,2017-04-22
407.13,405.13,2017-04-23
407.14,405.13,2017-04-24
407.15,405.14,2017-04-25
407.17,405.14,2017-04-26
407.18,405.15,2017-04-27
407.19,405.15,2017-04-28
407.21,405.16,2017-04-29
407.22,405.17,2017-04-30
407.23,405.17,2017-05-01
407.24,405.18,2017-05-02
407.25,405.18,2017-05-03
407.26,405.19,2017-05-04
407.27,405.19,2017-05-05
407.28,405.2,2017-05-06
407.29,405.2,2017-05-07
407.3,405.21,2017-05-08
407.3,405.21,2017-05-09
407.31,405.22,2017-05-10
407.31,405.22,2017-05-11
407.31,405.23,2017-05-12
407.31,405.23,2017-05-13
407.31,405.24,2017-05-14
407.31,405.24,2017-05-15
407.31,405.25,2017-05-16
407.3,405.25,2017-05-17
407.3,405.26,2017-05-18
407.29,405.26,2017-05-19
407.28,405.27,2017-05-20
407.27,405.27,2017-05-21
407.26,405.28,2017-05-22
407.24,405.28,2017-05-23
407.22,405.29,2017-05-24
407.21,405.29,2017-05-25
407.18,405.3,2017-05-26
407.16,405.3,2017-05-27
407.14,405.31,2017-05-28
407.11,405.31,2017-05-29
407.08,405.32,2017-05-30
407.05,405.32,2017-05-31
407.02,405.33,2017-06-01
406.99,405.33,2017-06-02
406.95,405.34,2017-06-03
406.91,405.34,2017-06-04
406.87,405.35,2017-06-05
406.83,405.36,2017-06-06
406.78,405.36,2017-06-07
406.74,405.37,2017-06-08
406.69,405.37,2017-06-09
406.64,405.38,2017-06-10
406.59,405.38,2017-06-11
406.53,405.39,2017-06-12
406.48,405.39,2017-06-13
406.42,405.4,2017-06-14
406.36,405.4,2017-06-15
406.3,405.41,2017-06-16
406.24,405.41,2017-06-17
406.17,405.42,2017-06-18
406.11,405.42,2017-06-19
406.04,405.43,2017-06-20
405.97,405.43,2017-06-21
405.9,405.44,2017-06-22
405.83,405.44,2017-06-23
405.76,405.45,2017-06-24
405.69,405.45,2017-06-25
405.61,405.46,2017-06-26
405.54,405.46,2017-06-27
405.46,405.47,2017-06-28
405.38,405.47,2017-06-29
405.31,405.48,2017-06-30
405.23,405.48,2017-07-01
405.15,405.49,2017-07-02
405.07,405.49,2017-07-03
404.99,405.5,2017-07-04
404.92,405.5,2017-07-05
404.84,405.51,2017-07-06
404.76,405.51,2017-07-07
404.68,405.52,2017-07-08
404.6,405.52,2017-07-09
404.52,405.53,2017-07-10
404.44,405.53,2017-07-11
404.36,405.54,2017-07-12
404.29,405.55,2017-07-13
404.21,405.55,2017-07-14
404.13,405.56,2017-07-15
404.05,405.56,2017-07-16
403.98,405.57,2017-07-17
403.9,405.57,2017-07-18
403.83,405.58,2017-07-19
403.76,405.58,2017-07-20
403.69,405.59,2017-07-21
403.62,405.59,2017-07-22
403.55,405.6,2017-07-23
403.48,405.6,2017-07-24
403.41,405.61,2017-07-25
403.34,405.61,2017-07-26
403.28,405.62,2017-07-27
403.21,405.62,2017-07-28
403.15,405.63,2017-07-29
403.09,405.63,2017-07-30
403.03,405.64,2017-07-31
402.97,405.64,2017-08-01
402.92,405.65,2017-08-02
402.86,405.65,2017-08-03
402.81,405.66,2017-08-04
402.76,405.66,2017-08-05
402.71,405.67,2017-08-06
402.66,405.68,2017-08-07
402.61,405.68,2017-08-08
402.57,405.69,2017-08-09
402.52,405.69,2017-08-10
402.48,405.7,2017-08-11
402.44,405.7,2017-08-12
402.4,405.71,2017-08-13
402.37,405.71,2017-08-14
402.33,405.72,2017-08-15
402.3,405.72,2017-08-16
402.27,405.73,2017-08-17
402.24,405.73,2017-08-18
402.21,405.74,2017-08-19
402.19,405.74,2017-08-20
402.17,405.75,2017-08-21
402.15,405.75,2017-08-22
402.13,405.76,2017-08-23
402.11,405.77,2017-08-24
402.1,405.77,2017-08-25
402.08,405.78,2017-08-26
402.07,405.78,2017-08-27
402.06,405.79,2017-08-28
402.06,405.79,2017-08-29
402.05,405.8,2017-08-30
402.05,405.8,2017-08-31
402.05,405.81,2017-09-01
402.05,405.81,2017-09-02
402.06,405.82,2017-09-03
402.06,405.82,2017-09-04
402.07,405.83,2017-09-05
402.08,405.84,2017-09-06
402.09,405.84,2017-09-07
402.11,405.85,2017-09-08
402.13,405.85,2017-09-09
402.15,405.86,2017-09-10
402.17,405.86,2017-09-11
402.19,405.87,2017-09-12
402.22,405.87,2017-09-13
402.24,405.88,2017-09-14
402.27,405.88,2017-09-15
402.31,405.89,2017-09-16
402.34,405.9,2017-09-17
402.38,405.9,2017-09-18
402.42,405.91,2017-09-19
402.46,405.91,2017-09-20
402.5,405.92,2017-09-21
402.54,405.92,2017-09-22
402.59,405.93,2017-09-23
402.64,405.93,2017-09-24
402.69,405.94,2017-09-25
402.74,405.94,2017-09-26
402.8,405.95,2017-09-27
402.85,405.96,2017-09-28
402.91,405.96,2017-09-29
402.97,405.97,2017-09-30
403.03,405.97,2017-10-01
403.09,405.98,2017-10-02
403.15,405.98,2017-10-03
403.22,405.99,2017-10-04
403.29,405.99,2017-10-05
403.35,406.0,2017-10-06
403.42,406.01,2017-10-07
403.49,406.01,2017-10-08
403.56,406.02,2017-10-09
403.63,406.02,2017-10-10
403.7,406.03,2017-10-11
403.77,406.03,2017-10-12
403.85,406.04,2017-10-13
403.92,406.05,2017-10-14
403.99,406.05,2017-10-15
404.07,406.06,2017-10-16
404.14,406.06,2017-10-17
404.22,406.07,2017-10-18
404.29,406.07,2017-10-19
404.37,406.08,2017-10-20
404.44,406.08,2017-10-21
404.51,406.09,2017-10-22
404.59,406.1,2017-10-23
404.66,406.1,2017-10-24
404.73,406.11,2017-10-25
404.8,406.11,2017-10-26
404.88,406.12,2017-10-27
404.95,406.12,2017-10-28
405.02,406.13,2017-10-29
405.09,406.14,2017-10-30
405.15,406.14,2017-10-31
405.22,406.15,2017-11-01
405.29,406.15,2017-11-02
405.35,406.16,2017-11-03
405.42,406.16,2017-11-04
405.48,406.17,2017-11-05
405.54,406.18,2017-11-06
405.6,406.18,2017-11-07
405.66,406.19,2017-11-08
405.72,406.19,2017-11-09
405.77,406.2,2017-11-10
405.83,406.21,2017-11-11
405.88,406.21,2017-11-12
405.94,406.22,2017-11-13
405.99,406.22,2017-11-14
406.04,406.23,2017-11-15
406.09,406.23,2017-11-16
406.14,406.24,2017-11-17
406.18,406.25,2017-11-18
406.23,406.25,2017-11-19
406.27,406.26,2017-11-20
406.32,406.26,2017-11-21
406.36,406.27,2017-11-22
406.4,406.28,2017-11-23
406.44,406.28,2017-11-24
406.48,406.29,2017-11-25
406.52,406.29,2017-11-26
406.55,406.3,2017-11-27
406.59,406.31,2017-11-28
406.63,406.31,2017-11-29
406.66,406.32,2017-11-30
406.69,406.32,2017-12-01
406.73,406.33,2017-12-02
406.76,406.34,2017-12-03
406.79,406.34,2017-12-04
406.82,406.35,2017-12-05
406.86,406.35,2017-12-06
406.89,406.36,2017-12-07
406.92,406.37,2017-12-08
406.95,406.37,2017-12-09
406.98,406.38,2017-12-10
407.01,406.38,2017-12-11
407.03,406.39,2017-12-12
407.06,406.4,2017-12-13
407.09,406.4,2017-12-14
407.12,406.41,2017-12-15
407.15,406.41,2017-12-16
407.17,406.42,2017-12-17
407.2,406.43,2017-12-18
407.23,406.43,2017-12-19
407.25,406.44,2017-12-20
407.28,406.44,2017-12-21
407.31,406.45,2017-12-22
407.33,406.46,2017-12-23
407.36,406.46,2017-12-24
407.39,406.47,2017-12-25
407.41,406.47,2017-12-26
407.44,406.48,2017-12-27
407.46,406.49,2017-12-28
407.49,406.49,2017-12-29
407.51,406.5,2017-12-30
407.54,406.5,2017-12-31
407.56,406.51,2018-01-01
407.59,406.52,2018-01-02
407.61,406.52,2018-01-03
407.64,406.53,2018-01-04
407.66,406.54,2018-01-05
407.68,406.54,2018-01-06
407.7,406.55,2018-01-07
407.73,406.55,2018-01-08
407.75,406.56,2018-01-09
407.77,406.57,2018-01-10
407.79,406.57,2018-01-11
407.81,406.58,2018-01-12
407.83,406.58,2018-01-13
407.85,406.59,2018-01-14
407.87,406.6,2018-01-15
407.89,406.6,2018-01-16
407.91,406.61,2018-01-17
407.92,406.62,2018-01-18
407.94,406.62,2018-01-19
407.96,406.63,2018-01-20
407.97,406.63,2018-01-21
407.99,406.64,2018-01-22
408.01,406.65,2018-01-23
408.02,406.65,2018-01-24
408.04,406.66,2018-01-25
408.05,406.67,2018-01-26
408.06,406.67,2018-01-27
408.08,406.68,2018-01-28
408.09,406.69,2018-01-29
408.1,406.69,2018-01-30
408.11,406.7,2018-01-31
408.13,406.7,2018-02-01
408.14,406.71,2018-02-02
408.15,406.72,2018-02-03
408.16,406.72,2018-02-04
408.17,406.73,2018-02-05
408.18,406.74,2018-02-06
408.2,406.74,2018-02-07
408.21,406.75,2018-02-08
408.22,406.75,2018-02-09
408.23,406.76,2018-02-10
408.24,406.77,2018-02-11
408.25,406.77,2018-02-12
408.26,406.78,2018-02-13
408.27,406.79,2018-02-14
408.28,406.79,2018-02-15
408.3,406.8,2018-02-16
408.31,406.81,2018-02-17
408.32,406.81,2018-02-18
408.33,406.82,2018-02-19
408.34,406.82,2018-02-20
408.36,406.83,2018-02-21
408.37,406.84,2018-02-22
408.38,406.84,2018-02-23
408.4,406.85,2018-02-24
408.41,406.86,2018-02-25
408.43,406.86,2018-02-26
408.44,406.87,2018-02-27
408.46,406.88,2018-02-28
408.47,406.88,2018-03-01
408.49,406.89,2018-03-02
408.5,406.9,2018-03-03
408.52,406.9,2018-03-04
408.54,406.91,2018-03-05
408.55,406.91,2018-03-06
408.57,406.92,2018-03-07
408.59,406.93,2018-03-08
408.61,406.93,2018-03-09
408.63,406.94,2018-03-10
408.64,406.95,2018-03-11
408.66,406.95,2018-03-12
408.68,406.96,2018-03-13
408.7,406.97,2018-03-14
408.72,406.97,2018-03-15
408.74,406.98,2018-03-16
408.76,406.99,2018-03-17
408.78,406.99,2018-03-18
408.8,407.0,2018-03-19
408.82,407.01,2018-03-20
408.84,407.01,2018-03-21
408.86,407.02,2018-03-22
408.88,407.03,2018-03-23
408.9,407.03,2018-03-24
408.92,407.04,2018-03-25
408.94,407.04,2018-03-26
408.96,407.05,2018-03-27
408.98,407.06,2018-03-28
409.0,407.06,2018-03-29
409.02,407.07,2018-03-30
409.04,407.08,2018-03-31
409.06,407.08,2018-04-01
409.08,407.09,2018-04-02
409.09,407.1,2018-04-03
409.11,407.1,2018-04-04
409.13,407.11,2018-04-05
409.15,407.12,2018-04-06
409.17,407.12,2018-04-07
409.19,407.13,2018-04-08
409.2,407.14,2018-04-09
409.22,407.14,2018-04-10
409.24,407.15,2018-04-11
409.25,407.16,2018-04-12
409.27,407.16,2018-04-13
409.29,407.17,2018-04-14
409.3,407.18,2018-04-15
409.32,407.18,2018-04-16
409.33,407.19,2018-04-17
409.35,407.2,2018-04-18
409.36,407.2,2018-04-19
409.38,407.21,2018-04-20
409.39,407.22,2018-04-21
409.41,407.22,2018-04-22
409.42,407.23,2018-04-23
409.43,407.24,2018-04-24
409.45,407.24,2018-04-25
409.46,407.25,2018-04-26
409.47,407.26,2018-04-27
409.48,407.26,2018-04-28
409.49,407.27,2018-04-29
409.5,407.28,2018-04-30
409.51,407.28,2018-05-01
409.52,407.29,2018-05-02
409.53,407.3,2018-05-03
409.54,407.3,2018-05-04
409.55,407.31,2018-05-05
409.56,407.32,2018-05-06
409.56,407.32,2018-05-07
409.57,407.33,2018-05-08
409.58,407.34,2018-05-09
409.58,407.34,2018-05-10
409.58,407.35,2018-05-11
409.59,407.35,2018-05-12
409.59,407.36,2018-05-13
409.59,407.37,2018-05-14
409.59,407.37,2018-05-15
409.59,407.38,2018-05-16
409.58,407.39,2018-05-17
409.58,407.39,2018-05-18
409.57,407.4,2018-05-19
409.57,407.41,2018-05-20
409.56,407.42,2018-05-21
409.55,407.42,2018-05-22
409.54,407.43,2018-05-23
409.53,407.44,2018-05-24
409.51,407.44,2018-05-25
409.5,407.45,2018-05-26
409.48,407.46,2018-05-27
409.46,407.46,2018-05-28
409.44,407.47,2018-05-29
409.42,407.48,2018-05-30
409.4,407.48,2018-05-31
409.37,407.49,2018-06-01
409.34,407.5,2018-06-02
409.31,407.5,2018-06-03
409.28,407.51,2018-06-04
409.25,407.52,2018-06-05
409.21,407.52,2018-06-06
409.17,407.53,2018-06-07
409.13,407.54,2018-06-08
409.09,407.54,2018-06-09
409.05,407.55,2018-06-10
409.0,407.56,2018-06-11
408.95,407.56,2018-06-12
408.9,407.57,2018-06-13
408.85,407.58,2018-06-14
408.8,407.58,2018-06-15
408.74,407.59,2018-06-16
408.68,407.6,2018-06-17
408.62,407.6,2018-06-18
408.56,407.61,2018-06-19
408.5,407.62,2018-06-20
408.44,407.62,2018-06-21
408.37,407.63,2018-06-22
408.3,407.64,2018-06-23
408.23,407.64,2018-06-24
408.16,407.65,2018-06-25
408.09,407.66,2018-06-26
408.01,407.66,2018-06-27
407.94,407.67,2018-06-28
407.86,407.68,2018-06-29
407.79,407.68,2018-06-30
407.71,407.69,2018-07-01
407.63,407.7,2018-07-02
407.55,407.7,2018-07-03
407.47,407.71,2018-07-04
407.39,407.72,2018-07-05
407.3,407.72,2018-07-06
407.22,407.73,2018-07-07
407.14,407.74,2018-07-08
407.06,407.74,2018-07-09
406.97,407.75,2018-07-10
406.89,407.76,2018-07-11
406.81,407.76,2018-07-12
406.72,407.77,2018-07-13
406.64,407.78,2018-07-14
406.56,407.78,2018-07-15
406.48,407.79,2018-07-16
406.4,407.8,2018-07-17
406.32,407.81,2018-07-18
406.24,407.81,2018-07-19
406.16,407.82,2018-07-20
406.08,407.83,2018-07-21
406.0,407.83,2018-07-22
405.92,407.84,2018-07-23
405.85,407.85,2018-07-24
405.77,407.85,2018-07-25
405.7,407.86,2018-07-26
405.63,407.87,2018-07-27
405.56,407.87,2018-07-28
405.49,407.88,2018-07-29
405.42,407.89,2018-07-30
405.36,407.89,2018-07-31
405.3,407.9,2018-08-01
405.23,407.91,2018-08-02
405.17,407.91,2018-08-03
405.12,407.92,2018-08-04
405.06,407.93,2018-08-05
405.01,407.93,2018-08-06
404.95,407.94,2018-08-07
404.9,407.95,2018-08-08
404.85,407.95,2018-08-09
404.81,407.96,2018-08-10
404.76,407.97,2018-08-11
404.72,407.97,2018-08-12
404.68,407.98,2018-08-13
404.65,407.99,2018-08-14
404.61,408.0,2018-08-15
404.58,408.0,2018-08-16
404.55,408.01,2018-08-17
404.52,408.02,2018-08-18
404.49,408.02,2018-08-19
404.47,408.03,2018-08-20
404.45,408.04,2018-08-21
404.43,408.04,2018-08-22
404.42,408.05,2018-08-23
404.4,408.06,2018-08-24
404.39,408.06,2018-08-25
404.38,408.07,2018-08-26
404.37,408.08,2018-08-27
404.37,408.08,2018-08-28
404.37,408.09,2018-08-29
404.37,408.1,2018-08-30
404.37,408.1,2018-08-31
404.37,408.11,2018-09-01
404.38,408.12,2018-09-02
404.39,408.12,2018-09-03
404.4,408.13,2018-09-04
404.41,408.14,2018-09-05
404.43,408.15,2018-09-06
404.45,408.15,2018-09-07
404.47,408.16,2018-09-08
404.49,408.17,2018-09-09
404.51,408.17,2018-09-10
404.54,408.18,2018-09-11
404.57,408.19,2018-09-12
404.6,408.19,2018-09-13
404.63,408.2,2018-09-14
404.66,408.21,2018-09-15
404.7,408.21,2018-09-16
404.74,408.22,2018-09-17
404.77,408.23,2018-09-18
404.82,408.23,2018-09-19
404.86,408.24,2018-09-20
404.9,408.25,2018-09-21
404.95,408.25,2018-09-22
405.0,408.26,2018-09-23
405.04,408.27,2018-09-24
405.09,408.28,2018-09-25
405.15,408.28,2018-09-26
405.2,408.29,2018-09-27
405.25,408.3,2018-09-28
405.31,408.3,2018-09-29
405.37,408.31,2018-09-30
405.42,408.32,2018-10-01
405.48,408.32,2018-10-02
405.54,408.33,2018-10-03
405.6,408.34,2018-10-04
405.66,408.34,2018-10-05
405.73,408.35,2018-10-06
405.79,408.36,2018-10-07
405.86,408.36,2018-10-08
405.92,408.37,2018-10-09
405.99,408.38,2018-10-10
406.05,408.39,2018-10-11
406.12,408.39,2018-10-12
406.19,408.4,2018-10-13
406.25,408.41,2018-10-14
406.32,408.41,2018-10-15
406.39,408.42,2018-10-16
406.46,408.43,2018-10-17
406.53,408.43,2018-10-18
406.6,408.44,2018-10-19
406.67,408.45,2018-10-20
406.74,408.45,2018-10-21
406.81,408.46,2018-10-22
406.87,408.47,2018-10-23
406.94,408.47,2018-10-24
407.01,408.48,2018-10-25
407.08,408.49,2018-10-26
407.15,408.5,2018-10-27
407.22,408.5,2018-10-28
407.29,408.51,2018-10-29
407.36,408.52,2018-10-30
407.42,408.52,2018-10-31
407.49,408.53,2018-11-01
407.56,408.54,2018-11-02
407.62,408.54,2018-11-03
407.69,408.55,2018-11-04
407.75,408.56,2018-11-05
407.82,408.56,2018-11-06
407.88,408.57,2018-11-07
407.94,408.58,2018-11-08
408.0,408.59,2018-11-09
408.07,408.59,2018-11-10
408.13,408.6,2018-11-11
408.19,408.61,2018-11-12
408.24,408.61,2018-11-13
408.3,408.62,2018-11-14
408.36,408.63,2018-11-15
408.42,408.63,2018-11-16
408.47,408.64,2018-11-17
408.52,408.65,2018-11-18
408.58,408.66,2018-11-19
408.63,408.66,2018-11-20
408.68,408.67,2018-11-21
408.73,408.68,2018-11-22
408.78,408.68,2018-11-23
408.83,408.69,2018-11-24
408.88,408.7,2018-11-25
408.92,408.7,2018-11-26
408.97,408.71,2018-11-27
409.01,408.72,2018-11-28
409.06,408.72,2018-11-29
409.1,408.73,2018-11-30
409.14,408.74,2018-12-01
409.18,408.75,2018-12-02
409.22,408.75,2018-12-03
409.26,408.76,2018-12-04
409.3,408.77,2018-12-05
409.34,408.77,2018-12-06
409.37,408.78,2018-12-07
409.41,408.79,2018-12-08
409.44,408.79,2018-12-09
409.48,408.8,2018-12-10
409.51,408.81,2018-12-11
409.54,408.82,2018-12-12
409.57,408.82,2018-12-13
409.6,408.83,2018-12-14
409.63,408.84,2018-12-15
409.66,408.84,2018-12-16
409.69,408.85,2018-12-17
409.72,408.86,2018-12-18
409.75,408.87,2018-12-19
409.77,408.87,2018-12-20
409.8,408.88,2018-12-21
409.83,408.89,2018-12-22
409.85,408.89,2018-12-23
409.88,408.9,2018-12-24
409.9,408.91,2018-12-25
409.93,408.91,2018-12-26
409.95,408.92,2018-12-27
409.97,408.93,2018-12-28
410.0,408.94,2018-12-29
410.02,408.94,2018-12-30
410.04,408.95,2018-12-31
410.07,408.96,2019-01-01
410.09,408.96,2019-01-02
410.11,408.97,2019-01-03
410.13,408.98,2019-01-04
410.16,408.99,2019-01-05
410.18,408.99,2019-01-06
410.2,409.0,2019-01-07
410.22,409.01,2019-01-08
410.24,409.01,2019-01-09
410.26,409.02,2019-01-10
410.29,409.03,2019-01-11
410.31,409.04,2019-01-12
410.33,409.04,2019-01-13
410.35,409.05,2019-01-14
410.37,409.06,2019-01-15
410.39,409.06,2019-01-16
410.41,409.07,2019-01-17
410.43,409.08,2019-01-18
410.45,409.09,2019-01-19
410.47,409.09,2019-01-20
410.49,409.1,2019-01-21
410.51,409.11,2019-01-22
410.53,409.11,2019-01-23
410.55,409.12,2019-01-24
410.57,409.13,2019-01-25
410.59,409.14,2019-01-26
410.61,409.14,2019-01-27
410.63,409.15,2019-01-28
410.64,409.16,2019-01-29
410.66,409.16,2019-01-30
410.68,409.17,2019-01-31
410.7,409.18,2019-02-01
410.71,409.19,2019-02-02
410.73,409.19,2019-02-03
410.75,409.2,2019-02-04
410.76,409.21,2019-02-05
410.78,409.21,2019-02-06
410.8,409.22,2019-02-07
410.81,409.23,2019-02-08
410.83,409.24,2019-02-09
410.84,409.24,2019-02-10
410.86,409.25,2019-02-11
410.87,409.26,2019-02-12
410.88,409.26,2019-02-13
410.9,409.27,2019-02-14
410.91,409.28,2019-02-15
410.92,409.29,2019-02-16
410.94,409.29,2019-02-17
410.95,409.3,2019-02-18
410.96,409.31,2019-02-19
410.97,409.32,2019-02-20
410.98,409.32,2019-02-21
410.99,409.33,2019-02-22
411.0,409.34,2019-02-23
411.01,409.34,2019-02-24
411.02,409.35,2019-02-25
411.03,409.36,2019-02-26
411.04,409.37,2019-02-27
411.05,409.37,2019-02-28
411.06,409.38,2019-03-01
411.07,409.39,2019-03-02
411.08,409.4,2019-03-03
411.09,409.4,2019-03-04
411.1,409.41,2019-03-05
411.11,409.42,2019-03-06
411.11,409.42,2019-03-07
411.12,409.43,2019-03-08
411.13,409.44,2019-03-09
411.14,409.45,2019-03-10
411.15,409.45,2019-03-11
411.16,409.46,2019-03-12
411.17,409.47,2019-03-13
411.18,409.48,2019-03-14
411.19,409.48,2019-03-15
411.2,409.49,2019-03-16
411.2,409.5,2019-03-17
411.21,409.5,2019-03-18
411.23,409.51,2019-03-19
411.24,409.52,2019-03-20
411.25,409.53,2019-03-21
411.26,409.53,2019-03-22
411.27,409.54,2019-03-23
411.28,409.55,2019-03-24
411.29,409.56,2019-03-25
411.31,409.56,2019-03-26
411.32,409.57,2019-03-27
411.33,409.58,2019-03-28
411.35,409.59,2019-03-29
411.36,409.59,2019-03-30
411.38,409.6,2019-03-31
411.39,409.61,2019-04-01
411.41,409.61,2019-04-02
411.42,409.62,2019-04-03
411.44,409.63,2019-04-04
411.46,409.64,2019-04-05
411.48,409.64,2019-04-06
411.49,409.65,2019-04-07
411.51,409.66,2019-04-08
411.53,409.67,2019-04-09
411.55,409.67,2019-04-10
411.57,409.68,2019-04-11
411.59,409.69,2019-04-12
411.61,409.7,2019-04-13
411.63,409.7,2019-04-14
411.65,409.71,2019-04-15
411.67,409.72,2019-04-16
411.69,409.73,2019-04-17
411.71,409.73,2019-04-18
411.73,409.74,2019-04-19
411.75,409.75,2019-04-20
411.77,409.76,2019-04-21
411.79,409.76,2019-04-22
411.81,409.77,2019-04-23
411.83,409.78,2019-04-24
411.85,409.79,2019-04-25
411.87,409.79,2019-04-26
411.89,409.8,2019-04-27
411.91,409.81,2019-04-28
411.93,409.81,2019-04-29
411.94,409.82,2019-04-30
411.96,409.83,2019-05-01
411.98,409.84,2019-05-02
411.99,409.84,2019-05-03
412.01,409.85,2019-05-04
412.02,409.86,2019-05-05
412.03,409.87,2019-05-06
412.04,409.87,2019-05-07
412.05,409.88,2019-05-08
412.06,409.89,2019-05-09
412.07,409.9,2019-05-10
412.08,409.9,2019-05-11
412.08,409.91,2019-05-12
412.08,409.92,2019-05-13
412.09,409.93,2019-05-14
412.09,409.93,2019-05-15
412.08,409.94,2019-05-16
412.08,409.95,2019-05-17
412.08,409.96,2019-05-18
412.07,409.96,2019-05-19
412.06,409.97,2019-05-20
412.05,409.98,2019-05-21
412.04,409.99,2019-05-22
412.02,409.99,2019-05-23
412.01,410.0,2019-05-24
411.99,410.01,2019-05-25
411.97,410.02,2019-05-26
411.94,410.02,2019-05-27
411.92,410.03,2019-05-28
411.89,410.04,2019-05-29
411.86,410.05,2019-05-30
411.83,410.05,2019-05-31
411.79,410.06,2019-06-01
411.76,410.07,2019-06-02
411.72,410.08,2019-06-03
411.68,410.08,2019-06-04
411.63,410.09,2019-06-05
411.59,410.1,2019-06-06
411.54,410.11,2019-06-07
411.49,410.11,2019-06-08
411.44,410.12,2019-06-09
411.38,410.13,2019-06-10
411.33,410.14,2019-06-11
411.27,410.14,2019-06-12
411.21,410.15,2019-06-13
411.14,410.16,2019-06-14
411.08,410.17,2019-06-15
411.01,410.17,2019-06-16
410.95,410.18,2019-06-17
410.88,410.19,2019-06-18
410.8,410.2,2019-06-19
410.73,410.2,2019-06-20
410.66,410.21,2019-06-21
410.58,410.22,2019-06-22
410.5,410.23,2019-06-23
410.43,410.23,2019-06-24
410.35,410.24,2019-06-25
410.26,410.25,2019-06-26
410.18,410.26,2019-06-27
410.1,410.26,2019-06-28
410.02,410.27,2019-06-29
409.93,410.28,2019-06-30
409.85,410.29,2019-07-01
409.77,410.29,2019-07-02
409.68,410.3,2019-07-03
409.6,410.31,2019-07-04
409.51,410.32,2019-07-05
409.43,410.32,2019-07-06
409.34,410.33,2019-07-07
409.26,410.34,2019-07-08
409.18,410.35,2019-07-09
409.09,410.36,2019-07-10
409.01,410.36,2019-07-11
408.93,410.37,2019-07-12
408.85,410.38,2019-07-13
408.77,410.39,2019-07-14
408.69,410.39,2019-07-15
408.61,410.4,2019-07-16
408.54,410.41,2019-07-17
408.46,410.42,2019-07-18
408.39,410.42,2019-07-19
408.32,410.43,2019-07-20
408.25,410.44,2019-07-21
408.18,410.45,2019-07-22
408.11,410.45,2019-07-23
408.05,410.46,2019-07-24
407.99,410.47,2019-07-25
407.93,410.48,2019-07-26
407.87,410.48,2019-07-27
407.81,410.49,2019-07-28
407.76,410.5,2019-07-29
407.71,410.51,2019-07-30
407.66,410.51,2019-07-31
407.61,410.52,2019-08-01
407.57,410.53,2019-08-02
407.52,410.54,2019-08-03
407.48,410.54,2019-08-04
407.45,410.55,2019-08-05
407.41,410.56,2019-08-06
407.38,410.57,2019-08-07
407.35,410.57,2019-08-08
407.32,410.58,2019-08-09
407.3,410.59,2019-08-10
407.27,410.6,2019-08-11
407.25,410.6,2019-08-12
407.24,410.61,2019-08-13
407.22,410.62,2019-08-14
407.21,410.63,2019-08-15
407.2,410.63,2019-08-16
407.19,410.64,2019-08-17
407.18,410.65,2019-08-18
407.18,410.66,2019-08-19
407.18,410.66,2019-08-20
407.18,410.67,2019-08-21
407.18,410.68,2019-08-22
407.18,410.69,2019-08-23
407.19,410.69,2019-08-24
407.2,410.7,2019-08-25
407.21,410.71,2019-08-26
407.22,410.72,2019-08-27
407.24,410.72,2019-08-28
407.26,410.73,2019-08-29
407.27,410.74,2019-08-30
407.29,410.75,2019-08-31
407.32,410.75,2019-09-01
407.34,410.76,2019-09-02
407.36,410.77,2019-09-03
407.39,410.78,2019-09-04
407.42,410.78,2019-09-05
407.45,410.79,2019-09-06
407.48,410.8,2019-09-07
407.51,410.81,2019-09-08
407.55,410.81,2019-09-09
407.58,410.82,2019-09-10
407.62,410.83,2019-09-11
407.66,410.84,2019-09-12
407.69,410.84,2019-09-13
407.73,410.85,2019-09-14
407.77,410.86,2019-09-15
407.82,410.87,2019-09-16
407.86,410.87,2019-09-17
407.9,410.88,2019-09-18
407.95,410.89,2019-09-19
407.99,410.9,2019-09-20
408.04,410.9,2019-09-21
408.09,410.91,2019-09-22
408.13,410.92,2019-09-23
408.18,410.92,2019-09-24
408.23,410.93,2019-09-25
408.28,410.94,2019-09-26
408.33,410.95,2019-09-27
408.38,410.95,2019-09-28
408.44,410.96,2019-09-29
408.49,410.97,2019-09-30
408.54,410.98,2019-10-01
408.59,410.98,2019-10-02
408.65,410.99,2019-10-03
408.7,411.0,2019-10-04
408.76,411.01,2019-10-05
408.81,411.01,2019-10-06
408.87,411.02,2019-10-07
408.92,411.03,2019-10-08
408.98,411.04,2019-10-09
409.04,411.04,2019-10-10
409.09,411.05,2019-10-11
409.15,411.06,2019-10-12
409.21,411.07,2019-10-13
409.26,411.07,2019-10-14
409.32,411.08,2019-10-15
409.38,411.09,2019-10-16
409.43,411.09,2019-10-17
409.49,411.1,2019-10-18
409.55,411.11,2019-10-19
409.61,411.12,2019-10-20
409.66,411.12,2019-10-21
409.72,411.13,2019-10-22
409.78,411.14,2019-10-23
409.83,411.15,2019-10-24
409.89,411.15,2019-10-25
409.94,411.16,2019-10-26
410.0,411.17,2019-10-27
410.06,411.17,2019-10-28
410.11,411.18,2019-10-29
410.16,411.19,2019-10-30
410.22,411.2,2019-10-31
410.27,411.2,2019-11-01
410.33,411.21,2019-11-02
410.38,411.22,2019-11-03
410.43,411.23,2019-11-04
410.48,411.23,2019-11-05
410.53,411.24,2019-11-06
410.58,411.25,2019-11-07
410.64,411.25,2019-11-08
410.68,411.26,2019-11-09
410.73,411.27,2019-11-10
410.78,411.28,2019-11-11
410.83,411.28,2019-11-12
410.88,411.29,2019-11-13
410.92,411.3,2019-11-14
410.97,411.3,2019-11-15
411.02,411.31,2019-11-16
411.06,411.32,2019-11-17
411.1,411.33,2019-11-18
411.15,411.33,2019-11-19
411.19,411.34,2019-11-20
411.23,411.35,2019-11-21
411.28,411.35,2019-11-22
411.32,411.36,2019-11-23
411.36,411.37,2019-11-24
411.4,411.38,2019-11-25
411.44,411.38,2019-11-26
411.48,411.39,2019-11-27
411.52,411.4,2019-11-28
411.56,411.4,2019-11-29
411.6,411.41,2019-11-30
411.64,411.42,2019-12-01
411.67,411.43,2019-12-02
411.71,411.43,2019-12-03
411.75,411.44,2019-12-04
411.79,411.45,2019-12-05
411.82,411.45,2019-12-06
411.86,411.46,2019-12-07
411.9,411.47,2019-12-08
411.93,411.48,2019-12-09
411.97,411.48,2019-12-10
412.01,411.49,2019-12-11
412.04,411.5,2019-12-12
412.08,411.5,2019-12-13
412.12,411.51,2019-12-14
412.15,411.52,2019-12-15
412.19,411.52,2019-12-16
412.23,411.53,2019-12-17
412.26,411.54,2019-12-18
412.3,411.54,2019-12-19
412.33,411.55,2019-12-20
412.37,411.56,2019-12-21
412.41,411.57,2019-12-22
412.44,411.57,2019-12-23
412.48,411.58,2019-12-24
412.52,411.59,2019-12-25
412.55,411.59,2019-12-26
412.59,411.6,2019-12-27
412.62,411.61,2019-12-28
412.66,411.61,2019-12-29
412.7,411.62,2019-12-30
412.73,411.63,2019-12-31
412.77,411.63,2020-01-01
412.8,411.64,2020-01-02
412.84,411.65,2020-01-03
412.87,411.66,2020-01-04
412.91,411.66,2020-01-05
412.94,411.67,2020-01-06
412.97,411.68,2020-01-07
413.01,411.68,2020-01-08
413.04,411.69,2020-01-09
413.07,411.7,2020-01-10
413.1,411.7,2020-01-11
413.14,411.71,2020-01-12
413.17,411.72,2020-01-13
413.2,411.72,2020-01-14
413.22,411.73,2020-01-15
413.25,411.74,2020-01-16
413.28,411.74,2020-01-17
413.31,411.75,2020-01-18
413.34,411.76,2020-01-19
413.36,411.76,2020-01-20
413.39,411.77,2020-01-21
413.41,411.78,2020-01-22
413.43,411.78,2020-01-23
413.45,411.79,2020-01-24
413.48,411.8,2020-01-25
413.5,411.8,2020-01-26
413.52,411.81,2020-01-27
413.53,411.82,2020-01-28
413.55,411.82,2020-01-29
413.57,411.83,2020-01-30
413.58,411.84,2020-01-31
413.6,411.84,2020-02-01
413.61,411.85,2020-02-02
413.63,411.86,2020-02-03
413.64,411.86,2020-02-04
413.65,411.87,2020-02-05
413.66,411.88,2020-02-06
413.67,411.88,2020-02-07
413.68,411.89,2020-02-08
413.69,411.9,2020-02-09
413.7,411.9,2020-02-10
413.71,411.91,2020-02-11
413.71,411.92,2020-02-12
413.72,411.92,2020-02-13
413.73,411.93,2020-02-14
413.73,411.94,2020-02-15
413.74,411.94,2020-02-16
413.74,411.95,2020-02-17
413.74,411.96,2020-02-18
413.75,411.96,2020-02-19
413.75,411.97,2020-02-20
413.76,411.98,2020-02-21
413.76,411.98,2020-02-22
413.76,411.99,2020-02-23
413.77,411.99,2020-02-24
413.77,412.0,2020-02-25
413.77,412.01,2020-02-26
413.78,412.01,2020-02-27
413.78,412.02,2020-02-28
413.79,412.03,2020-02-29
413.79,412.03,2020-03-01
413.8,412.04,2020-03-02
413.8,412.05,2020-03-03
413.81,412.05,2020-03-04
413.81,412.06,2020-03-05
413.82,412.07,2020-03-06
413.82,412.07,2020-03-07
413.83,412.08,2020-03-08
413.84,412.08,2020-03-09
413.85,412.09,2020-03-10
413.85,412.1,2020-03-11
413.86,412.1,2020-03-12
413.87,412.11,2020-03-13
413.88,412.12,2020-03-14
413.89,412.12,2020-03-15
413.9,412.13,2020-03-16
413.91,412.13,2020-03-17
413.93,412.14,2020-03-18
413.94,412.15,2020-03-19
413.95,412.15,2020-03-20
413.96,412.16,2020-03-21
413.98,412.17,2020-03-22
413.99,412.17,2020-03-23
414.0,412.18,2020-03-24
414.02,412.19,2020-03-25
414.03,412.19,2020-03-26
414.05,412.2,2020-03-27
414.06,412.2,2020-03-28
414.08,412.21,2020-03-29
414.09,412.22,2020-03-30
414.11,412.22,2020-03-31
414.12,412.23,2020-04-01
414.14,412.23,2020-04-02
414.15,412.24,2020-04-03
414.17,412.25,2020-04-04
414.19,412.25,2020-04-05
414.2,412.26,2020-04-06
414.22,412.27,2020-04-07
414.23,412.27,2020-04-08
414.25,412.28,2020-04-09
414.26,412.28,2020-04-10
414.28,412.29,2020-04-11
414.29,412.3,2020-04-12
414.31,412.3,2020-04-13
414.32,412.31,2020-04-14
414.34,412.31,2020-04-15
414.35,412.32,2020-04-16
414.36,412.33,2020-04-17
414.38,412.33,2020-04-18
414.39,412.34,2020-04-19
414.4,412.35,2020-04-20
414.41,412.35,2020-04-21
414.42,412.36,2020-04-22
414.43,412.36,2020-04-23
414.44,412.37,2020-04-24
414.45,412.38,2020-04-25
414.46,412.38,2020-04-26
414.47,412.39,2020-04-27
414.48,412.39,2020-04-28
414.49,412.4,2020-04-29
414.49,412.41,2020-04-30
414.5,412.41,2020-05-01
414.5,412.42,2020-05-02
414.51,412.42,2020-05-03
414.51,412.43,2020-05-04
414.51,412.44,2020-05-05
414.52,412.44,2020-05-06
414.52,412.45,2020-05-07
414.52,412.45,2020-05-08
414.52,412.46,2020-05-09
414.51,412.47,2020-05-10
414.51,412.47,2020-05-11
414.51,412.48,2020-05-12
414.5,412.48,2020-05-13
414.5,412.49,2020-05-14
414.49,412.5,2020-05-15
414.48,412.5,2020-05-16
414.47,412.51,2020-05-17
414.46,412.51,2020-05-18
414.45,412.52,2020-05-19
414.44,412.52,2020-05-20
414.43,412.53,2020-05-21
414.41,412.54,2020-05-22
414.39,412.54,2020-05-23
414.37,412.55,2020-05-24
414.36,412.55,2020-05-25
414.33,412.56,2020-05-26
414.31,412.57,2020-05-27
414.29,412.57,2020-05-28
414.26,412.58,2020-05-29
414.23,412.58,2020-05-30
414.21,412.59,2020-05-31
414.17,412.6,2020-06-01
414.14,412.6,2020-06-02
414.11,412.61,2020-06-03
414.07,412.61,2020-06-04
414.03,412.62,2020-06-05
413.99,412.62,2020-06-06
413.95,412.63,2020-06-07
413.91,412.64,2020-06-08
413.86,412.64,2020-06-09
413.82,412.65,2020-06-10
413.77,412.65,2020-06-11
413.72,412.66,2020-06-12
413.67,412.66,2020-06-13
413.61,412.67,2020-06-14
413.55,412.68,2020-06-15
413.5,412.68,2020-06-16
413.44,412.69,2020-06-17
413.37,412.69,2020-06-18
413.31,412.7,2020-06-19
413.24,412.71,2020-06-20
413.18,412.71,2020-06-21
413.11,412.72,2020-06-22
413.04,412.72,2020-06-23
412.96,412.73,2020-06-24
412.89,412.73,2020-06-25
412.81,412.74,2020-06-26
412.74,412.75,2020-06-27
412.66,412.75,2020-06-28
412.58,412.76,2020-06-29
412.5,412.76,2020-06-30
412.42,412.77,2020-07-01
412.33,412.77,2020-07-02
412.25,412.78,2020-07-03
412.16,412.79,2020-07-04
412.08,412.79,2020-07-05
411.99,412.8,2020-07-06
411.91,412.8,2020-07-07
411.82,412.81,2020-07-08
411.73,412.81,2020-07-09
411.64,412.82,2020-07-10
411.55,412.83,2020-07-11
411.47,412.83,2020-07-12
411.38,412.84,2020-07-13
411.29,412.84,2020-07-14
411.2,412.85,2020-07-15
411.11,412.85,2020-07-16
411.03,412.86,2020-07-17
410.94,412.87,2020-07-18
410.85,412.87,2020-07-19
410.77,412.88,2020-07-20
410.68,412.88,2020-07-21
410.6,412.89,2020-07-22
410.52,412.89,2020-07-23
410.44,412.9,2020-07-24
410.36,412.91,2020-07-25
410.28,412.91,2020-07-26
410.21,412.92,2020-07-27
410.14,412.92,2020-07-28
410.06,412.93,2020-07-29
409.99,412.93,2020-07-30
409.93,412.94,2020-07-31
409.86,412.94,2020-08-01
409.8,412.95,2020-08-02
409.74,412.96,2020-08-03
409.68,412.96,2020-08-04
409.62,412.97,2020-08-05
409.57,412.97,2020-08-06
409.52,412.98,2020-08-07
409.47,412.98,2020-08-08
409.42,412.99,2020-08-09
409.38,413.0,2020-08-10
409.34,413.0,2020-08-11
409.3,413.01,2020-08-12
409.27,413.01,2020-08-13
409.24,413.02,2020-08-14
409.21,413.02,2020-08-15
409.18,413.03,2020-08-16
409.16,413.04,2020-08-17
409.14,413.04,2020-08-18
409.13,413.05,2020-08-19
409.12,413.05,2020-08-20
409.11,413.06,2020-08-21
409.1,413.06,2020-08-22
409.1,413.07,2020-08-23
409.1,413.07,2020-08-24
409.1,413.08,2020-08-25
409.11,413.09,2020-08-26
409.11,413.09,2020-08-27
409.13,413.1,2020-08-28
409.14,413.1,2020-08-29
409.16,413.11,2020-08-30
409.18,413.11,2020-08-31
409.2,413.12,2020-09-01
409.23,413.13,2020-09-02
409.26,413.13,2020-09-03
409.29,413.14,2020-09-04
409.33,413.14,2020-09-05
409.36,413.15,2020-09-06
409.4,413.15,2020-09-07
409.44,413.16,2020-09-08
409.49,413.17,2020-09-09
409.53,413.17,2020-09-10
409.58,413.18,2020-09-11
409.63,413.18,2020-09-12
409.69,413.19,2020-09-13
409.74,413.19,2020-09-14
409.8,413.2,2020-09-15
409.86,413.2,2020-09-16
409.92,413.21,2020-09-17
409.98,413.22,2020-09-18
410.04,413.22,2020-09-19
410.11,413.23,2020-09-20
410.17,413.23,2020-09-21
410.24,413.24,2020-09-22
410.31,413.24,2020-09-23
410.38,413.25,2020-09-24
410.45,413.26,2020-09-25
410.52,413.26,2020-09-26
410.59,413.27,2020-09-27
410.66,413.27,2020-09-28
410.74,413.28,2020-09-29
410.81,413.28,2020-09-30
410.89,413.29,2020-10-01
410.96,413.3,2020-10-02
411.04,413.3,2020-10-03
411.11,413.31,2020-10-04
411.19,413.31,2020-10-05
411.27,413.32,2020-10-06
411.34,413.32,2020-10-07
411.42,413.33,2020-10-08
411.49,413.34,2020-10-09
411.57,413.34,2020-10-10
411.65,413.35,2020-10-11
411.72,413.35,2020-10-12
411.8,413.36,2020-10-13
411.87,413.36,2020-10-14
411.94,413.37,2020-10-15
412.02,413.38,2020-10-16
412.09,413.38,2020-10-17
412.16,413.39,2020-10-18
412.23,413.39,2020-10-19
412.3,413.4,2020-10-20
412.37,413.4,2020-10-21
412.44,413.41,2020-10-22
412.51,413.42,2020-10-23
412.57,413.42,2020-10-24
412.64,413.43,2020-10-25
412.7,413.43,2020-10-26
412.77,413.44,2020-10-27
412.83,413.44,2020-10-28
412.89,413.45,2020-10-29
412.95,413.46,2020-10-30
413.01,413.46,2020-10-31
413.07,413.47,2020-11-01
413.12,413.47,2020-11-02
413.18,413.48,2020-11-03
413.23,413.49,2020-11-04
413.29,413.49,2020-11-05
413.34,413.5,2020-11-06
413.39,413.5,2020-11-07
413.44,413.51,2020-11-08
413.48,413.51,2020-11-09
413.53,413.52,2020-11-10
413.57,413.53,2020-11-11
413.62,413.53,2020-11-12
413.66,413.54,2020-11-13
413.7,413.54,2020-11-14
413.74,413.55,2020-11-15
413.78,413.56,2020-11-16
413.82,413.56,2020-11-17
413.85,413.57,2020-11-18
413.89,413.57,2020-11-19
413.92,413.58,2020-11-20
413.95,413.58,2020-11-21
413.99,413.59,2020-11-22
414.02,413.6,2020-11-23
414.05,413.6,2020-11-24
414.07,413.61,2020-11-25
414.1,413.61,2020-11-26
414.13,413.62,2020-11-27
414.15,413.63,2020-11-28
414.18,413.63,2020-11-29
414.2,413.64,2020-11-30
414.23,413.64,2020-12-01
414.25,413.65,2020-12-02
414.27,413.66,2020-12-03
414.29,413.66,2020-12-04
414.31,413.67,2020-12-05
414.33,413.67,2020-12-06
414.35,413.68,2020-12-07
414.37,413.69,2020-12-08
414.38,413.69,2020-12-09
414.4,413.7,2020-12-10
414.42,413.7,2020-12-11
414.43,413.71,2020-12-12
414.45,413.72,2020-12-13
414.46,413.72,2020-12-14
414.48,413.73,2020-12-15
414.49,413.73,2020-12-16
414.51,413.74,2020-12-17
414.52,413.75,2020-12-18
414.54,413.75,2020-12-19
414.55,413.76,2020-12-20
414.57,413.76,2020-12-21
414.58,413.77,2020-12-22
414.6,413.78,2020-12-23
414.61,413.78,2020-12-24
414.63,413.79,2020-12-25
414.64,413.79,2020-12-26
414.65,413.8,2020-12-27
414.67,413.81,2020-12-28
414.68,413.81,2020-12-29
414.7,413.82,2020-12-30
414.72,413.83,2020-12-31
414.73,413.83,2021-01-01
414.75,413.84,2021-01-02
414.76,413.84,2021-01-03
414.78,413.85,2021-01-04
414.8,413.86,2021-01-05
414.82,413.86,2021-01-06
414.83,413.87,2021-01-07
414.85,413.87,2021-01-08
414.87,413.88,2021-01-09
414.89,413.89,2021-01-10
414.91,413.89,2021-01-11
414.93,413.9,2021-01-12
414.95,413.91,2021-01-13
414.97,413.91,2021-01-14
414.99,413.92,2021-01-15
415.02,413.92,2021-01-16
415.04,413.93,2021-01-17
415.06,413.94,2021-01-18
415.08,413.94,2021-01-19
415.11,413.95,2021-01-20
415.13,413.96,2021-01-21
415.15,413.96,2021-01-22
415.18,413.97,2021-01-23
415.2,413.97,2021-01-24
415.23,413.98,2021-01-25
415.25,413.99,2021-01-26
415.27,413.99,2021-01-27
415.3,414.0,2021-01-28
415.32,414.01,2021-01-29
415.35,414.01,2021-01-30
415.37,414.02,2021-01-31
415.4,414.02,2021-02-01
415.42,414.03,2021-02-02
415.45,414.04,2021-02-03
415.47,414.04,2021-02-04
415.5,414.05,2021-02-05
415.52,414.06,2021-02-06
415.55,414.06,2021-02-07
415.57,414.07,2021-02-08
415.6,414.08,2021-02-09
415.62,414.08,2021-02-10
415.64,414.09,2021-02-11
415.67,414.09,2021-02-12
415.69,414.1,2021-02-13
415.71,414.11,2021-02-14
415.73,414.11,2021-02-15
415.75,414.12,2021-02-16
415.77,414.13,2021-02-17
415.8,414.13,2021-02-18
415.81,414.14,2021-02-19
415.83,414.15,2021-02-20
415.85,414.15,2021-02-21
415.87,414.16,2021-02-22
415.89,414.17,2021-02-23
415.91,414.17,2021-02-24
415.92,414.18,2021-02-25
415.94,414.19,2021-02-26
415.95,414.19,2021-02-27
415.97,414.2,2021-02-28
415.98,414.2,2021-03-01
416.0,414.21,2021-03-02
416.01,414.22,2021-03-03
416.02,414.22,2021-03-04
416.03,414.23,2021-03-05
416.05,414.24,2021-03-06
416.06,414.24,2021-03-07
416.07,414.25,2021-03-08
416.08,414.26,2021-03-09
416.09,414.26,2021-03-10
416.1,414.27,2021-03-11
416.11,414.28,2021-03-12
416.11,414.28,2021-03-13
416.12,414.29,2021-03-14
416.13,414.3,2021-03-15
416.14,414.3,2021-03-16
416.15,414.31,2021-03-17
416.15,414.32,2021-03-18
416.16,414.32,2021-03-19
416.17,414.33,2021-03-20
416.18,414.34,2021-03-21
416.18,414.34,2021-03-22
416.19,414.35,2021-03-23
416.2,414.36,2021-03-24
416.21,414.36,2021-03-25
416.21,414.37,2021-03-26
416.22,414.38,2021-03-27
416.23,414.38,2021-03-28
416.24,414.39,2021-03-29
416.24,414.4,2021-03-30
416.25,414.4,2021-03-31
416.26,414.41,2021-04-01
416.27,414.42,2021-04-02
416.28,414.42,2021-04-03
416.29,414.43,2021-04-04
416.3,414.44,2021-04-05
416.31,414.44,2021-04-06
416.32,414.45,2021-04-07
416.33,414.46,2021-04-08
416.34,414.46,2021-04-09
416.36,414.47,2021-04-10
416.37,414.48,2021-04-11
416.38,414.48,2021-04-12
416.39,414.49,2021-04-13
416.41,414.5,2021-04-14
416.42,414.5,2021-04-15
416.43,414.51,2021-04-16
416.45,414.52,2021-04-17
416.46,414.53,2021-04-18
416.48,414.53,2021-04-19
416.49,414.54,2021-04-20
416.51,414.55,2021-04-21
416.52,414.55,2021-04-22
416.54,414.56,2021-04-23
416.55,414.57,2021-04-24
416.57,414.57,2021-04-25
416.58,414.58,2021-04-26
416.6,414.59,2021-04-27
416.61,414.59,2021-04-28
416.63,414.6,2021-04-29
416.64,414.61,2021-04-30
416.66,414.61,2021-05-01
416.67,414.62,2021-05-02
416.69,414.63,2021-05-03
416.7,414.63,2021-05-04
416.71,414.64,2021-05-05
416.72,414.65,2021-05-06
416.73,414.66,2021-05-07
416.74,414.66,2021-05-08
416.75,414.67,2021-05-09
416.76,414.68,2021-05-10
416.77,414.68,2021-05-11
416.78,414.69,2021-05-12
416.78,414.7,2021-05-13
416.79,414.7,2021-05-14
416.79,414.71,2021-05-15
416.79,414.72,2021-05-16
416.79,414.72,2021-05-17
416.79,414.73,2021-05-18
416.79,414.74,2021-05-19
416.78,414.74,2021-05-20
416.78,414.75,2021-05-21
416.77,414.76,2021-05-22
416.76,414.77,2021-05-23
416.75,414.77,2021-05-24
416.74,414.78,2021-05-25
416.72,414.79,2021-05-26
416.7,414.79,2021-05-27
416.69,414.8,2021-05-28
416.66,414.81,2021-05-29
416.64,414.81,2021-05-30
416.62,414.82,2021-05-31
416.59,414.83,2021-06-01
416.56,414.84,2021-06-02
416.53,414.84,2021-06-03
416.49,414.85,2021-06-04
416.46,414.86,2021-06-05
416.42,414.86,2021-06-06
416.38,414.87,2021-06-07
416.34,414.88,2021-06-08
416.29,414.88,2021-06-09
416.24,414.89,2021-06-10
416.19,414.9,2021-06-11
416.14,414.91,2021-06-12
416.09,414.91,2021-06-13
416.03,414.92,2021-06-14
415.97,414.93,2021-06-15
415.91,414.93,2021-06-16
415.85,414.94,2021-06-17
415.79,414.95,2021-06-18
415.72,414.95,2021-06-19
415.65,414.96,2021-06-20
415.58,414.97,2021-06-21
415.51,414.98,2021-06-22
415.44,414.98,2021-06-23
415.36,414.99,2021-06-24
415.28,415.0,2021-06-25
415.21,415.0,2021-06-26
415.13,415.01,2021-06-27
415.04,415.02,2021-06-28
414.96,415.02,2021-06-29
414.88,415.03,2021-06-30
414.79,415.04,2021-07-01
414.71,415.05,2021-07-02
414.62,415.05,2021-07-03
414.53,415.06,2021-07-04
414.44,415.07,2021-07-05
414.35,415.07,2021-07-06
414.27,415.08,2021-07-07
414.18,415.09,2021-07-08
414.09,415.09,2021-07-09
414.0,415.1,2021-07-10
413.91,415.11,2021-07-11
413.82,415.12,2021-07-12
413.73,415.12,2021-07-13
413.64,415.13,2021-07-14
413.55,415.14,2021-07-15
413.46,415.14,2021-07-16
413.37,415.15,2021-07-17
413.28,415.16,2021-07-18
413.2,415.16,2021-07-19
413.11,415.17,2021-07-20
413.03,415.18,2021-07-21
412.94,415.19,2021-07-22
412.86,415.19,2021-07-23
412.78,415.2,2021-07-24
412.7,415.21,2021-07-25
412.62,415.21,2021-07-26
412.55,415.22,2021-07-27
412.47,415.23,2021-07-28
412.4,415.23,2021-07-29
412.33,415.24,2021-07-30
412.26,415.25,2021-07-31
412.2,415.26,2021-08-01
412.13,415.26,2021-08-02
412.07,415.27,2021-08-03
412.01,415.28,2021-08-04
411.96,415.28,2021-08-05
411.9,415.29,2021-08-06
411.85,415.3,2021-08-07
411.8,415.3,2021-08-08
411.76,415.31,2021-08-09
411.71,415.32,2021-08-10
411.67,415.33,2021-08-11
411.63,415.33,2021-08-12
411.6,415.34,2021-08-13
411.56,415.35,2021-08-14
411.53,415.35,2021-08-15
411.51,415.36,2021-08-16
411.48,415.37,2021-08-17
411.46,415.37,2021-08-18
411.44,415.38,2021-08-19
411.43,415.39,2021-08-20
411.41,415.39,2021-08-21
411.4,415.4,2021-08-22
411.4,415.41,2021-08-23
411.39,415.42,2021-08-24
411.39,415.42,2021-08-25
411.39,415.43,2021-08-26
411.4,415.44,2021-08-27
411.4,415.44,2021-08-28
411.41,415.45,2021-08-29
411.43,415.46,2021-08-30
411.44,415.46,2021-08-31
411.46,415.47,2021-09-01
411.48,415.48,2021-09-02
411.5,415.48,2021-09-03
411.52,415.49,2021-09-04
411.55,415.5,2021-09-05
411.58,415.51,2021-09-06
411.61,415.51,2021-09-07
411.65,415.52,2021-09-08
411.68,415.53,2021-09-09
411.72,415.53,2021-09-10
411.76,415.54,2021-09-11
411.8,415.55,2021-09-12
411.84,415.55,2021-09-13
411.89,415.56,2021-09-14
411.94,415.57,2021-09-15
411.99,415.57,2021-09-16
412.04,415.58,2021-09-17
412.09,415.59,2021-09-18
412.14,415.59,2021-09-19
412.19,415.6,2021-09-20
412.25,415.61,2021-09-21
412.31,415.61,2021-09-22
412.36,415.62,2021-09-23
412.42,415.63,2021-09-24
412.48,415.64,2021-09-25
412.54,415.64,2021-09-26
412.61,415.65,2021-09-27
412.67,415.66,2021-09-28
412.73,415.66,2021-09-29
412.8,415.67,2021-09-30
412.86,415.68,2021-10-01
412.92,415.68,2021-10-02
412.99,415.69,2021-10-03
413.06,415.7,2021-10-04
413.12,415.7,2021-10-05
413.19,415.71,2021-10-06
413.25,415.72,2021-10-07
413.32,415.72,2021-10-08
413.39,415.73,2021-10-09
413.45,415.74,2021-10-10
413.52,415.74,2021-10-11
413.59,415.75,2021-10-12
413.65,415.76,2021-10-13
413.72,415.76,2021-10-14
413.79,415.77,2021-10-15
413.85,415.78,2021-10-16
413.92,415.78,2021-10-17
413.99,415.79,2021-10-18
414.05,415.8,2021-10-19
414.12,415.8,2021-10-20
414.18,415.81,2021-10-21
414.25,415.82,2021-10-22
414.31,415.82,2021-10-23
414.38,415.83,2021-10-24
414.44,415.84,2021-10-25
414.5,415.84,2021-10-26
414.57,415.85,2021-10-27
414.63,415.86,2021-10-28
414.69,415.86,2021-10-29
414.75,415.87,2021-10-30
414.81,415.88,2021-10-31
414.87,415.88,2021-11-01
414.93,415.89,2021-11-02
415.0,415.9,2021-11-03
415.05,415.9,2021-11-04
415.11,415.91,2021-11-05
415.17,415.91,2021-11-06
415.23,415.92,2021-11-07
415.29,415.93,2021-11-08
415.35,415.93,2021-11-09
415.41,415.94,2021-11-10
415.46,415.95,2021-11-11
415.52,415.95,2021-11-12
415.58,415.96,2021-11-13
415.63,415.97,2021-11-14
415.69,415.97,2021-11-15
415.75,415.98,2021-11-16
415.8,415.99,2021-11-17
415.86,415.99,2021-11-18
415.91,416.0,2021-11-19
415.97,416.01,2021-11-20
416.02,416.01,2021-11-21
416.07,416.02,2021-11-22
416.13,416.02,2021-11-23
416.18,416.03,2021-11-24
416.24,416.04,2021-11-25
416.29,416.04,2021-11-26
416.34,416.05,2021-11-27
416.4,416.06,2021-11-28
416.45,416.06,2021-11-29
416.5,416.07,2021-11-30
416.55,416.07,2021-12-01
416.61,416.08,2021-12-02
416.66,416.09,2021-12-03
416.71,416.09,2021-12-04
416.76,416.1,2021-12-05
416.81,416.11,2021-12-06
416.87,416.11,2021-12-07
416.92,416.12,2021-12-08
416.97,416.12,2021-12-09
417.02,416.13,2021-12-10
417.07,416.14,2021-12-11
417.12,416.14,2021-12-12
417.17,416.15,2021-12-13
417.22,416.16,2021-12-14
417.26,416.16,2021-12-15
417.31,416.17,2021-12-16
417.36,416.17,2021-12-17
417.41,416.18,2021-12-18
417.45,416.19,2021-12-19
417.5,416.19,2021-12-20
417.55,416.2,2021-12-21
417.59,416.21,2021-12-22
417.63,416.21,2021-12-23
417.68,416.22,2021-12-24
417.72,416.22,2021-12-25
417.76,416.23,2021-12-26
417.8,416.24,2021-12-27
417.84,416.24,2021-12-28
417.88,416.25,2021-12-29
417.92,416.25,2021-12-30
417.96,416.26,2021-12-31
418.0,416.27,2022-01-01
418.03,416.27,2022-01-02
418.07,416.28,2022-01-03
418.1,416.28,2022-01-04
418.14,416.29,2022-01-05
418.17,416.3,2022-01-06
418.2,416.3,2022-01-07
418.23,416.31,2022-01-08
418.26,416.31,2022-01-09
418.28,416.32,2022-01-10
418.31,416.33,2022-01-11
418.34,416.33,2022-01-12
418.36,416.34,2022-01-13
418.38,416.34,2022-01-14
418.4,416.35,2022-01-15
418.42,416.36,2022-01-16
418.44,416.36,2022-01-17
418.46,416.37,2022-01-18
418.48,416.37,2022-01-19
418.5,416.38,2022-01-20
418.51,416.38,2022-01-21
418.52,416.39,2022-01-22
418.54,416.4,2022-01-23
418.55,416.4,2022-01-24
418.56,416.41,2022-01-25
418.57,416.41,2022-01-26
418.58,416.42,2022-01-27
418.58,416.43,2022-01-28
418.59,416.43,2022-01-29
418.59,416.44,2022-01-30
418.6,416.44,2022-01-31
418.6,416.45,2022-02-01
418.6,416.45,2022-02-02
418.61,416.46,2022-02-03
418.61,416.47,2022-02-04
418.61,416.47,2022-02-05
418.61,416.48,2022-02-06
418.61,416.48,2022-02-07
418.6,416.49,2022-02-08
418.6,416.49,2022-02-09
418.6,416.5,2022-02-10
418.59,416.51,2022-02-11
418.59,416.51,2022-02-12
418.58,416.52,2022-02-13
418.58,416.52,2022-02-14
418.57,416.53,2022-02-15
418.57,416.53,2022-02-16
418.56,416.54,2022-02-17
418.55,416.54,2022-02-18
418.55,416.55,2022-02-19
418.54,416.56,2022-02-20
418.53,416.56,2022-02-21
418.52,416.57,2022-02-22
418.52,416.57,2022-02-23
418.51,416.58,2022-02-24
418.5,416.58,2022-02-25
418.49,416.59,2022-02-26
418.48,416.59,2022-02-27
418.48,416.6,2022-02-28
418.47,416.61,2022-03-01
418.46,416.61,2022-03-02
418.45,416.62,2022-03-03
418.45,416.62,2022-03-04
418.44,416.63,2022-03-05
418.43,416.63,2022-03-06
418.42,416.64,2022-03-07
418.42,416.64,2022-03-08
418.41,416.65,2022-03-09
418.4,416.65,2022-03-10
418.4,416.66,2022-03-11
418.39,416.67,2022-03-12
418.39,416.67,2022-03-13
418.38,416.68,2022-03-14
418.38,416.68,2022-03-15
418.38,416.69,2022-03-16
418.37,416.69,2022-03-17
418.37,416.7,2022-03-18
418.37,416.7,2022-03-19
418.36,416.71,2022-03-20
418.36,416.71,2022-03-21
418.36,416.72,2022-03-22
418.36,416.72,2022-03-23
418.36,416.73,2022-03-24
418.36,416.73,2022-03-25
418.36,416.74,2022-03-26
418.37,416.75,2022-03-27
418.37,416.75,2022-03-28
418.37,416.76,2022-03-29
418.38,416.76,2022-03-30
418.38,416.77,2022-03-31
418.39,416.77,2022-04-01
418.39,416.78,2022-04-02
418.4,416.78,2022-04-03
418.41,416.79,2022-04-04
418.42,416.79,2022-04-05
418.43,416.8,2022-04-06
418.44,416.8,2022-04-07
418.45,416.81,2022-04-08
418.46,416.81,2022-04-09
418.47,416.82,2022-04-10
418.49,416.82,2022-04-11
418.5,416.83,2022-04-12
418.51,416.83,2022-04-13
418.53,416.84,2022-04-14
418.55,416.84,2022-04-15
418.56,416.85,2022-04-16
418.58,416.85,2022-04-17
418.6,416.86,2022-04-18
418.62,416.87,2022-04-19
418.63,416.87,2022-04-20
418.65,416.88,2022-04-21
418.67,416.88,2022-04-22
418.69,416.89,2022-04-23
418.72,416.89,2022-04-24
418.74,416.9,2022-04-25
418.76,416.9,2022-04-26
418.78,416.91,2022-04-27
418.8,416.91,2022-04-28
418.82,416.92,2022-04-29
418.84,416.92,2022-04-30
418.86,416.93,2022-05-01
418.88,416.93,2022-05-02
418.9,416.94,2022-05-03
418.92,416.94,2022-05-04
418.94,416.95,2022-05-05
418.96,416.95,2022-05-06
418.98,416.96,2022-05-07
419.0,416.96,2022-05-08
419.01,416.97,2022-05-09
419.03,416.97,2022-05-10
419.04,416.98,2022-05-11
419.05,416.98,2022-05-12
419.07,416.99,2022-05-13
419.08,416.99,2022-05-14
419.08,417.0,2022-05-15
419.09,417.0,2022-05-16
419.1,417.01,2022-05-17
419.1,417.01,2022-05-18
419.1,417.02,2022-05-19
419.1,417.02,2022-05-20
419.1,417.03,2022-05-21
419.09,417.03,2022-05-22
419.08,417.04,2022-05-23
419.07,417.04,2022-05-24
419.06,417.05,2022-05-25
419.05,417.05,2022-05-26
419.03,417.06,2022-05-27
419.01,417.06,2022-05-28
418.99,417.07,2022-05-29
418.96,417.07,2022-05-30
418.93,417.08,2022-05-31
418.9,417.08,2022-06-01
418.87,417.09,2022-06-02
418.83,417.09,2022-06-03
418.79,417.1,2022-06-04
418.75,417.1,2022-06-05
418.71,417.11,2022-06-06
418.66,417.11,2022-06-07
418.61,417.11,2022-06-08
418.56,417.12,2022-06-09
418.5,417.12,2022-06-10
418.44,417.13,2022-06-11
418.38,417.13,2022-06-12
418.32,417.14,2022-06-13
418.25,417.14,2022-06-14
418.18,417.15,2022-06-15
418.11,417.15,2022-06-16
418.04,417.16,2022-06-17
417.96,417.16,2022-06-18
417.89,417.17,2022-06-19
417.81,417.17,2022-06-20
417.73,417.18,2022-06-21
417.64,417.18,2022-06-22
417.56,417.19,2022-06-23
417.47,417.19,2022-06-24
417.39,417.2,2022-06-25
417.3,417.2,2022-06-26
417.21,417.21,2022-06-27
417.12,417.21,2022-06-28
417.03,417.22,2022-06-29
416.93,417.22,2022-06-30
416.84,417.23,2022-07-01
416.75,417.23,2022-07-02
416.65,417.24,2022-07-03
416.56,417.24,2022-07-04
416.47,417.25,2022-07-05
416.37,417.25,2022-07-06
416.28,417.26,2022-07-07
416.19,417.26,2022-07-08
416.09,417.27,2022-07-09
416.0,417.27,2022-07-10
415.91,417.28,2022-07-11
415.82,417.28,2022-07-12
415.73,417.28,2022-07-13
415.64,417.29,2022-07-14
415.55,417.29,2022-07-15
415.47,417.3,2022-07-16
415.38,417.3,2022-07-17
415.3,417.31,2022-07-18
415.22,417.31,2022-07-19
415.14,417.32,2022-07-20
415.06,417.32,2022-07-21
414.98,417.33,2022-07-22
414.91,417.33,2022-07-23
414.84,417.34,2022-07-24
414.77,417.34,2022-07-25
414.7,417.35,2022-07-26
414.63,417.35,2022-07-27
414.57,417.36,2022-07-28
414.5,417.36,2022-07-29
414.44,417.37,2022-07-30
414.39,417.37,2022-07-31
414.33,417.38,2022-08-01
414.28,417.38,2022-08-02
414.23,417.39,2022-08-03
414.18,417.39,2022-08-04
414.13,417.4,2022-08-05
414.09,417.4,2022-08-06
414.05,417.41,2022-08-07
414.01,417.41,2022-08-08
413.97,417.42,2022-08-09
413.94,417.42,2022-08-10
413.91,417.42,2022-08-11
413.88,417.43,2022-08-12
413.85,417.43,2022-08-13
413.82,417.44,2022-08-14
413.8,417.44,2022-08-15
413.78,417.45,2022-08-16
413.76,417.45,2022-08-17
413.75,417.46,2022-08-18
413.73,417.46,2022-08-19
413.72,417.47,2022-08-20
413.71,417.47,2022-08-21
413.71,417.48,2022-08-22
413.7,417.48,2022-08-23
413.7,417.49,2022-08-24
413.7,417.49,2022-08-25
413.7,417.5,2022-08-26
413.7,417.5,2022-08-27
413.71,417.51,2022-08-28
413.71,417.51,2022-08-29
413.72,417.52,2022-08-30
413.73,417.52,2022-08-31
413.75,417.53,2022-09-01
413.76,417.53,2022-09-02
413.78,417.54,2022-09-03
413.8,417.54,2022-09-04
413.82,417.55,2022-09-05
413.84,417.55,2022-09-06
413.86,417.56,2022-09-07
413.89,417.56,2022-09-08
413.91,417.57,2022-09-09
413.94,417.57,2022-09-10
413.97,417.58,2022-09-11
414.01,417.58,2022-09-12
414.04,417.59,2022-09-13
414.08,417.59,2022-09-14
414.11,417.59,2022-09-15
414.15,417.6,2022-09-16
414.19,417.6,2022-09-17
414.23,417.61,2022-09-18
414.28,417.61,2022-09-19
414.32,417.62,2022-09-20
414.37,417.62,2022-09-21
414.41,417.63,2022-09-22
414.46,417.63,2022-09-23
414.51,417.64,2022-09-24
414.56,417.64,2022-09-25
414.62,417.65,2022-09-26
414.67,417.65,2022-09-27
414.72,417.66,2022-09-28
414.78,417.66,2022-09-29
414.84,417.67,2022-09-30
414.9,417.67,2022-10-01
414.96,417.68,2022-10-02
415.02,417.68,2022-10-03
415.08,417.69,2022-10-04
415.14,417.69,2022-10-05
415.2,417.7,2022-10-06
415.27,417.7,2022-10-07
415.33,417.71,2022-10-08
415.4,417.71,2022-10-09
415.47,417.72,2022-10-10
415.53,417.72,2022-10-11
415.6,417.73,2022-10-12
415.67,417.73,2022-10-13
415.74,417.74,2022-10-14
415.81,417.74,2022-10-15
415.88,417.75,2022-10-16
415.95,417.75,2022-10-17
416.02,417.76,2022-10-18
416.09,417.76,2022-10-19
416.16,417.77,2022-10-20
416.23,417.77,2022-10-21
416.3,417.78,2022-10-22
416.37,417.78,2022-10-23
416.45,417.79,2022-10-24
416.52,417.79,2022-10-25
416.59,417.8,2022-10-26
416.66,417.8,2022-10-27
416.73,417.81,2022-10-28
416.8,417.81,2022-10-29
416.87,417.82,2022-10-30
416.94,417.82,2022-10-31
417.01,417.83,2022-11-01
417.07,417.83,2022-11-02
417.14,417.84,2022-11-03
417.21,417.85,2022-11-04
417.28,417.85,2022-11-05
417.34,417.86,2022-11-06
417.41,417.86,2022-11-07
417.47,417.87,2022-11-08
417.53,417.87,2022-11-09
417.59,417.88,2022-11-10
417.65,417.88,2022-11-11
417.71,417.89,2022-11-12
417.77,417.89,2022-11-13
417.83,417.9,2022-11-14
417.88,417.9,2022-11-15
417.94,417.91,2022-11-16
417.99,417.91,2022-11-17
418.04,417.92,2022-11-18
418.09,417.92,2022-11-19
418.14,417.93,2022-11-20
418.19,417.93,2022-11-21
418.23,417.94,2022-11-22
418.28,417.94,2022-11-23
418.32,417.95,2022-11-24
418.36,417.95,2022-11-25
418.4,417.96,2022-11-26
418.44,417.96,2022-11-27
418.48,417.97,2022-11-28
418.51,417.97,2022-11-29
418.55,417.98,2022-11-30
418.58,417.99,2022-12-01
418.61,417.99,2022-12-02
418.64,418.0,2022-12-03
418.67,418.0,2022-12-04
418.7,418.01,2022-12-05
418.72,418.01,2022-12-06
418.75,418.02,2022-12-07
418.77,418.02,2022-12-08
418.79,418.03,2022-12-09
418.81,418.03,2022-12-10
418.83,418.04,2022-12-11
418.85,418.04,2022-12-12
418.87,418.05,2022-12-13
418.88,418.05,2022-12-14
418.9,418.06,2022-12-15
418.91,418.06,2022-12-16
418.92,418.07,2022-12-17
418.94,418.08,2022-12-18
418.95,418.08,2022-12-19
418.96,418.09,2022-12-20
418.97,418.09,2022-12-21
418.98,418.1,2022-12-22
418.99,418.1,2022-12-23
419.0,418.11,2022-12-24
419.01,418.11,2022-12-25
419.01,418.12,2022-12-26
419.02,418.12,2022-12-27
419.03,418.13,2022-12-28
419.04,418.13,2022-12-29
419.05,418.14,2022-12-30
419.05,418.15,2022-12-31
